# class	strip	residue	count — from tools/paradigm.py
nbn	0	да	60
nbn	0	дар	60
nbn	0	дарда	60
nbn	0	дардан	60
nbn	0	дардағы	60
nbn	0	дарды	60
nbn	0	дардың	60
nbn	0	дармен	60
nbn	0	дармыз	60
nbn	0	дармын	60
nbn	0	дарсыз	60
nbn	0	дарсыздар	60
nbn	0	дарсың	60
nbn	0	дарсыңдар	60
nbn	0	дары	60
nbn	0	дарым	60
nbn	0	дарыма	60
nbn	0	дарымда	60
nbn	0	дарымдағы	60
nbn	0	дарымды	60
nbn	0	дарымен	60
nbn	0	дарыммен	60
nbn	0	дарымнан	60
nbn	0	дарымның	60
nbn	0	дарымыз	60
nbn	0	дарымызбен	60
nbn	0	дарымызда	60
nbn	0	дарымыздан	60
nbn	0	дарымыздағы	60
nbn	0	дарымызды	60
nbn	0	дарымыздың	60
nbn	0	дарымызға	60
nbn	0	дарын	60
nbn	0	дарына	60
nbn	0	дарынан	60
nbn	0	дарында	60
nbn	0	дарындағы	60
nbn	0	дарының	60
nbn	0	дарың	60
nbn	0	дарыңа	60
nbn	0	дарыңда	60
nbn	0	дарыңдағы	60
nbn	0	дарыңды	60
nbn	0	дарыңмен	60
nbn	0	дарыңнан	60
nbn	0	дарыңның	60
nbn	0	дарыңыз	60
nbn	0	дарыңызбен	60
nbn	0	дарыңызда	60
nbn	0	дарыңыздан	60
nbn	0	дарыңыздағы	60
nbn	0	дарыңызды	60
nbn	0	дарыңыздың	60
nbn	0	дарыңызға	60
nbn	0	дарға	60
nbn	0	дағы	60
nbn	0	ды	60
nbn	0	мен	60
nbn	0	мыз	60
nbn	0	мын	60
nbn	0	нан	60
nbn	0	ның	60
nbn	0	сыз	60
nbn	0	сыздар	60
nbn	0	сың	60
nbn	0	сыңдар	60
nbn	0	ы	60
nbn	0	ым	60
nbn	0	ыма	60
nbn	0	ымда	60
nbn	0	ымдағы	60
nbn	0	ымды	60
nbn	0	ымен	60
nbn	0	ыммен	60
nbn	0	ымнан	60
nbn	0	ымның	60
nbn	0	ымыз	60
nbn	0	ымызбен	60
nbn	0	ымызда	60
nbn	0	ымыздан	60
nbn	0	ымыздағы	60
nbn	0	ымызды	60
nbn	0	ымыздың	60
nbn	0	ымызға	60
nbn	0	ын	60
nbn	0	ына	60
nbn	0	ынан	60
nbn	0	ында	60
nbn	0	ындағы	60
nbn	0	ының	60
nbn	0	ың	60
nbn	0	ыңа	60
nbn	0	ыңда	60
nbn	0	ыңдағы	60
nbn	0	ыңды	60
nbn	0	ыңмен	60
nbn	0	ыңнан	60
nbn	0	ыңның	60
nbn	0	ыңыз	60
nbn	0	ыңызбен	60
nbn	0	ыңызда	60
nbn	0	ыңыздан	60
nbn	0	ыңыздағы	60
nbn	0	ыңызды	60
nbn	0	ыңыздың	60
nbn	0	ыңызға	60
nbn	0	ға	60
nbr	0	да	60
nbr	0	дан	60
nbr	0	дағы	60
nbr	0	ды	60
nbr	0	дың	60
nbr	0	лар	60
nbr	0	ларда	60
nbr	0	лардан	60
nbr	0	лардағы	60
nbr	0	ларды	60
nbr	0	лардың	60
nbr	0	лармен	60
nbr	0	лармыз	60
nbr	0	лармын	60
nbr	0	ларсыз	60
nbr	0	ларсыздар	60
nbr	0	ларсың	60
nbr	0	ларсыңдар	60
nbr	0	лары	60
nbr	0	ларым	60
nbr	0	ларыма	60
nbr	0	ларымда	60
nbr	0	ларымдағы	60
nbr	0	ларымды	60
nbr	0	ларымен	60
nbr	0	ларыммен	60
nbr	0	ларымнан	60
nbr	0	ларымның	60
nbr	0	ларымыз	60
nbr	0	ларымызбен	60
nbr	0	ларымызда	60
nbr	0	ларымыздан	60
nbr	0	ларымыздағы	60
nbr	0	ларымызды	60
nbr	0	ларымыздың	60
nbr	0	ларымызға	60
nbr	0	ларын	60
nbr	0	ларына	60
nbr	0	ларынан	60
nbr	0	ларында	60
nbr	0	ларындағы	60
nbr	0	ларының	60
nbr	0	ларың	60
nbr	0	ларыңа	60
nbr	0	ларыңда	60
nbr	0	ларыңдағы	60
nbr	0	ларыңды	60
nbr	0	ларыңмен	60
nbr	0	ларыңнан	60
nbr	0	ларыңның	60
nbr	0	ларыңыз	60
nbr	0	ларыңызбен	60
nbr	0	ларыңызда	60
nbr	0	ларыңыздан	60
nbr	0	ларыңыздағы	60
nbr	0	ларыңызды	60
nbr	0	ларыңыздың	60
nbr	0	ларыңызға	60
nbr	0	ларға	60
nbr	0	мен	60
nbr	0	мыз	60
nbr	0	мын	60
nbr	0	сыз	60
nbr	0	сыздар	60
nbr	0	сың	60
nbr	0	сыңдар	60
nbr	0	ы	60
nbr	0	ым	60
nbr	0	ыма	60
nbr	0	ымда	60
nbr	0	ымдағы	60
nbr	0	ымды	60
nbr	0	ымен	60
nbr	0	ыммен	60
nbr	0	ымнан	60
nbr	0	ымның	60
nbr	0	ымыз	60
nbr	0	ымызбен	60
nbr	0	ымызда	60
nbr	0	ымыздан	60
nbr	0	ымыздағы	60
nbr	0	ымызды	60
nbr	0	ымыздың	60
nbr	0	ымызға	60
nbr	0	ын	60
nbr	0	ына	60
nbr	0	ынан	60
nbr	0	ында	60
nbr	0	ындағы	60
nbr	0	ының	60
nbr	0	ың	60
nbr	0	ыңа	60
nbr	0	ыңда	60
nbr	0	ыңдағы	60
nbr	0	ыңды	60
nbr	0	ыңмен	60
nbr	0	ыңнан	60
nbr	0	ыңның	60
nbr	0	ыңыз	60
nbr	0	ыңызбен	60
nbr	0	ыңызда	60
nbr	0	ыңыздан	60
nbr	0	ыңыздағы	60
nbr	0	ыңызды	60
nbr	0	ыңыздың	60
nbr	0	ыңызға	60
nbr	0	ға	60
nbt	0	мыз	60
nbt	0	мын	60
nbt	0	пен	60
nbt	0	сыз	60
nbt	0	сыздар	60
nbt	0	сың	60
nbt	0	сыңдар	60
nbt	0	та	60
nbt	0	тан	60
nbt	0	тар	60
nbt	0	тарда	60
nbt	0	тардан	60
nbt	0	тардағы	60
nbt	0	тарды	60
nbt	0	тардың	60
nbt	0	тармен	60
nbt	0	тармыз	60
nbt	0	тармын	60
nbt	0	тарсыз	60
nbt	0	тарсыздар	60
nbt	0	тарсың	60
nbt	0	тарсыңдар	60
nbt	0	тары	60
nbt	0	тарым	60
nbt	0	тарыма	60
nbt	0	тарымда	60
nbt	0	тарымдағы	60
nbt	0	тарымды	60
nbt	0	тарымен	60
nbt	0	тарыммен	60
nbt	0	тарымнан	60
nbt	0	тарымның	60
nbt	0	тарымыз	60
nbt	0	тарымызбен	60
nbt	0	тарымызда	60
nbt	0	тарымыздан	60
nbt	0	тарымыздағы	60
nbt	0	тарымызды	60
nbt	0	тарымыздың	60
nbt	0	тарымызға	60
nbt	0	тарын	60
nbt	0	тарына	60
nbt	0	тарынан	60
nbt	0	тарында	60
nbt	0	тарындағы	60
nbt	0	тарының	60
nbt	0	тарың	60
nbt	0	тарыңа	60
nbt	0	тарыңда	60
nbt	0	тарыңдағы	60
nbt	0	тарыңды	60
nbt	0	тарыңмен	60
nbt	0	тарыңнан	60
nbt	0	тарыңның	60
nbt	0	тарыңыз	60
nbt	0	тарыңызбен	60
nbt	0	тарыңызда	60
nbt	0	тарыңыздан	60
nbt	0	тарыңыздағы	60
nbt	0	тарыңызды	60
nbt	0	тарыңыздың	60
nbt	0	тарыңызға	60
nbt	0	тарға	60
nbt	0	тағы	60
nbt	0	ты	60
nbt	0	тың	60
nbt	0	қа	60
nbt	п	ы	60
nbt	п	ым	60
nbt	п	ыма	60
nbt	п	ымда	60
nbt	п	ымдағы	60
nbt	п	ымды	60
nbt	п	ымен	60
nbt	п	ыммен	60
nbt	п	ымнан	60
nbt	п	ымның	60
nbt	п	ымыз	60
nbt	п	ымызбен	60
nbt	п	ымызда	60
nbt	п	ымыздан	60
nbt	п	ымыздағы	60
nbt	п	ымызды	60
nbt	п	ымыздың	60
nbt	п	ымызға	60
nbt	п	ын	60
nbt	п	ына	60
nbt	п	ынан	60
nbt	п	ында	60
nbt	п	ындағы	60
nbt	п	ының	60
nbt	п	ың	60
nbt	п	ыңа	60
nbt	п	ыңда	60
nbt	п	ыңдағы	60
nbt	п	ыңды	60
nbt	п	ыңмен	60
nbt	п	ыңнан	60
nbt	п	ыңның	60
nbt	п	ыңыз	60
nbt	п	ыңызбен	60
nbt	п	ыңызда	60
nbt	п	ыңыздан	60
nbt	п	ыңыздағы	60
nbt	п	ыңызды	60
nbt	п	ыңыздың	60
nbt	п	ыңызға	60
nbv	0	да	60
nbv	0	дан	60
nbv	0	дағы	60
nbv	0	лар	60
nbv	0	ларда	60
nbv	0	лардан	60
nbv	0	лардағы	60
nbv	0	ларды	60
nbv	0	лардың	60
nbv	0	лармен	60
nbv	0	лармыз	60
nbv	0	лармын	60
nbv	0	ларсыз	60
nbv	0	ларсыздар	60
nbv	0	ларсың	60
nbv	0	ларсыңдар	60
nbv	0	лары	60
nbv	0	ларым	60
nbv	0	ларыма	60
nbv	0	ларымда	60
nbv	0	ларымдағы	60
nbv	0	ларымды	60
nbv	0	ларымен	60
nbv	0	ларыммен	60
nbv	0	ларымнан	60
nbv	0	ларымның	60
nbv	0	ларымыз	60
nbv	0	ларымызбен	60
nbv	0	ларымызда	60
nbv	0	ларымыздан	60
nbv	0	ларымыздағы	60
nbv	0	ларымызды	60
nbv	0	ларымыздың	60
nbv	0	ларымызға	60
nbv	0	ларын	60
nbv	0	ларына	60
nbv	0	ларынан	60
nbv	0	ларында	60
nbv	0	ларындағы	60
nbv	0	ларының	60
nbv	0	ларың	60
nbv	0	ларыңа	60
nbv	0	ларыңда	60
nbv	0	ларыңдағы	60
nbv	0	ларыңды	60
nbv	0	ларыңмен	60
nbv	0	ларыңнан	60
nbv	0	ларыңның	60
nbv	0	ларыңыз	60
nbv	0	ларыңызбен	60
nbv	0	ларыңызда	60
nbv	0	ларыңыздан	60
nbv	0	ларыңыздағы	60
nbv	0	ларыңызды	60
nbv	0	ларыңыздың	60
nbv	0	ларыңызға	60
nbv	0	ларға	60
nbv	0	м	60
nbv	0	ма	60
nbv	0	мда	60
nbv	0	мдағы	60
nbv	0	мды	60
nbv	0	мен	60
nbv	0	ммен	60
nbv	0	мнан	60
nbv	0	мның	60
nbv	0	мыз	60
nbv	0	мызбен	60
nbv	0	мызда	60
nbv	0	мыздан	60
nbv	0	мыздағы	60
nbv	0	мызды	60
nbv	0	мыздың	60
nbv	0	мызға	60
nbv	0	мын	60
nbv	0	ны	60
nbv	0	ның	60
nbv	0	сы	60
nbv	0	сыз	60
nbv	0	сыздар	60
nbv	0	сымен	60
nbv	0	сын	60
nbv	0	сына	60
nbv	0	сынан	60
nbv	0	сында	60
nbv	0	сындағы	60
nbv	0	сының	60
nbv	0	сың	60
nbv	0	сыңдар	60
nbv	0	ға	60
nbv	0	ң	60
nbv	0	ңа	60
nbv	0	ңда	60
nbv	0	ңдағы	60
nbv	0	ңды	60
nbv	0	ңмен	60
nbv	0	ңнан	60
nbv	0	ңның	60
nbv	0	ңыз	60
nbv	0	ңызбен	60
nbv	0	ңызда	60
nbv	0	ңыздан	60
nbv	0	ңыздағы	60
nbv	0	ңызды	60
nbv	0	ңыздың	60
nbv	0	ңызға	60
nbz	0	бен	60
nbz	0	да	60
nbz	0	дан	60
nbz	0	дар	60
nbz	0	дарда	60
nbz	0	дардан	60
nbz	0	дардағы	60
nbz	0	дарды	60
nbz	0	дардың	60
nbz	0	дармен	60
nbz	0	дармыз	60
nbz	0	дармын	60
nbz	0	дарсыз	60
nbz	0	дарсыздар	60
nbz	0	дарсың	60
nbz	0	дарсыңдар	60
nbz	0	дары	60
nbz	0	дарым	60
nbz	0	дарыма	60
nbz	0	дарымда	60
nbz	0	дарымдағы	60
nbz	0	дарымды	60
nbz	0	дарымен	60
nbz	0	дарыммен	60
nbz	0	дарымнан	60
nbz	0	дарымның	60
nbz	0	дарымыз	60
nbz	0	дарымызбен	60
nbz	0	дарымызда	60
nbz	0	дарымыздан	60
nbz	0	дарымыздағы	60
nbz	0	дарымызды	60
nbz	0	дарымыздың	60
nbz	0	дарымызға	60
nbz	0	дарын	60
nbz	0	дарына	60
nbz	0	дарынан	60
nbz	0	дарында	60
nbz	0	дарындағы	60
nbz	0	дарының	60
nbz	0	дарың	60
nbz	0	дарыңа	60
nbz	0	дарыңда	60
nbz	0	дарыңдағы	60
nbz	0	дарыңды	60
nbz	0	дарыңмен	60
nbz	0	дарыңнан	60
nbz	0	дарыңның	60
nbz	0	дарыңыз	60
nbz	0	дарыңызбен	60
nbz	0	дарыңызда	60
nbz	0	дарыңыздан	60
nbz	0	дарыңыздағы	60
nbz	0	дарыңызды	60
nbz	0	дарыңыздың	60
nbz	0	дарыңызға	60
nbz	0	дарға	60
nbz	0	дағы	60
nbz	0	ды	60
nbz	0	дың	60
nbz	0	мен	60
nbz	0	мыз	60
nbz	0	мын	60
nbz	0	сыз	60
nbz	0	сыздар	60
nbz	0	сың	60
nbz	0	сыңдар	60
nbz	0	ы	60
nbz	0	ым	60
nbz	0	ыма	60
nbz	0	ымда	60
nbz	0	ымдағы	60
nbz	0	ымды	60
nbz	0	ымен	60
nbz	0	ыммен	60
nbz	0	ымнан	60
nbz	0	ымның	60
nbz	0	ымыз	60
nbz	0	ымызбен	60
nbz	0	ымызда	60
nbz	0	ымыздан	60
nbz	0	ымыздағы	60
nbz	0	ымызды	60
nbz	0	ымыздың	60
nbz	0	ымызға	60
nbz	0	ын	60
nbz	0	ына	60
nbz	0	ынан	60
nbz	0	ында	60
nbz	0	ындағы	60
nbz	0	ының	60
nbz	0	ың	60
nbz	0	ыңа	60
nbz	0	ыңда	60
nbz	0	ыңдағы	60
nbz	0	ыңды	60
nbz	0	ыңмен	60
nbz	0	ыңнан	60
nbz	0	ыңның	60
nbz	0	ыңыз	60
nbz	0	ыңызбен	60
nbz	0	ыңызда	60
nbz	0	ыңыздан	60
nbz	0	ыңыздағы	60
nbz	0	ыңызды	60
nbz	0	ыңыздың	60
nbz	0	ыңызға	60
nbz	0	ға	60
nfn	0	ге	60
nfn	0	де	60
nfn	0	дегі	60
nfn	0	дер	60
nfn	0	дерге	60
nfn	0	дерде	60
nfn	0	дердегі	60
nfn	0	дерден	60
nfn	0	дерді	60
nfn	0	дердің	60
nfn	0	дермен	60
nfn	0	дерміз	60
nfn	0	дермін	60
nfn	0	дерсіз	60
nfn	0	дерсіздер	60
nfn	0	дерсің	60
nfn	0	дерсіңдер	60
nfn	0	дері	60
nfn	0	дерім	60
nfn	0	дерімде	60
nfn	0	дерімдегі	60
nfn	0	дерімді	60
nfn	0	деріме	60
nfn	0	дерімен	60
nfn	0	деріммен	60
nfn	0	дерімнен	60
nfn	0	дерімнің	60
nfn	0	деріміз	60
nfn	0	дерімізбен	60
nfn	0	дерімізге	60
nfn	0	дерімізде	60
nfn	0	деріміздегі	60
nfn	0	дерімізден	60
nfn	0	дерімізді	60
nfn	0	деріміздің	60
nfn	0	дерін	60
nfn	0	дерінде	60
nfn	0	деріндегі	60
nfn	0	деріне	60
nfn	0	дерінен	60
nfn	0	дерінің	60
nfn	0	дерің	60
nfn	0	деріңде	60
nfn	0	деріңдегі	60
nfn	0	деріңді	60
nfn	0	деріңе	60
nfn	0	деріңмен	60
nfn	0	деріңнен	60
nfn	0	деріңнің	60
nfn	0	деріңіз	60
nfn	0	деріңізбен	60
nfn	0	деріңізге	60
nfn	0	деріңізде	60
nfn	0	деріңіздегі	60
nfn	0	деріңізден	60
nfn	0	деріңізді	60
nfn	0	деріңіздің	60
nfn	0	ді	60
nfn	0	мен	60
nfn	0	міз	60
nfn	0	мін	60
nfn	0	нен	60
nfn	0	нің	60
nfn	0	сіз	60
nfn	0	сіздер	60
nfn	0	сің	60
nfn	0	сіңдер	60
nfn	0	і	60
nfn	0	ім	60
nfn	0	імде	60
nfn	0	імдегі	60
nfn	0	імді	60
nfn	0	іме	60
nfn	0	імен	60
nfn	0	іммен	60
nfn	0	імнен	60
nfn	0	імнің	60
nfn	0	іміз	60
nfn	0	імізбен	60
nfn	0	імізге	60
nfn	0	імізде	60
nfn	0	іміздегі	60
nfn	0	імізден	60
nfn	0	імізді	60
nfn	0	іміздің	60
nfn	0	ін	60
nfn	0	інде	60
nfn	0	індегі	60
nfn	0	іне	60
nfn	0	інен	60
nfn	0	інің	60
nfn	0	ің	60
nfn	0	іңде	60
nfn	0	іңдегі	60
nfn	0	іңді	60
nfn	0	іңе	60
nfn	0	іңмен	60
nfn	0	іңнен	60
nfn	0	іңнің	60
nfn	0	іңіз	60
nfn	0	іңізбен	60
nfn	0	іңізге	60
nfn	0	іңізде	60
nfn	0	іңіздегі	60
nfn	0	іңізден	60
nfn	0	іңізді	60
nfn	0	іңіздің	60
nfr	0	ге	60
nfr	0	де	60
nfr	0	дегі	60
nfr	0	ден	60
nfr	0	ді	60
nfr	0	дің	60
nfr	0	лер	60
nfr	0	лерге	60
nfr	0	лерде	60
nfr	0	лердегі	60
nfr	0	лерден	60
nfr	0	лерді	60
nfr	0	лердің	60
nfr	0	лермен	60
nfr	0	лерміз	60
nfr	0	лермін	60
nfr	0	лерсіз	60
nfr	0	лерсіздер	60
nfr	0	лерсің	60
nfr	0	лерсіңдер	60
nfr	0	лері	60
nfr	0	лерім	60
nfr	0	лерімде	60
nfr	0	лерімдегі	60
nfr	0	лерімді	60
nfr	0	леріме	60
nfr	0	лерімен	60
nfr	0	леріммен	60
nfr	0	лерімнен	60
nfr	0	лерімнің	60
nfr	0	леріміз	60
nfr	0	лерімізбен	60
nfr	0	лерімізге	60
nfr	0	лерімізде	60
nfr	0	леріміздегі	60
nfr	0	лерімізден	60
nfr	0	лерімізді	60
nfr	0	леріміздің	60
nfr	0	лерін	60
nfr	0	лерінде	60
nfr	0	леріндегі	60
nfr	0	леріне	60
nfr	0	лерінен	60
nfr	0	лерінің	60
nfr	0	лерің	60
nfr	0	леріңде	60
nfr	0	леріңдегі	60
nfr	0	леріңді	60
nfr	0	леріңе	60
nfr	0	леріңмен	60
nfr	0	леріңнен	60
nfr	0	леріңнің	60
nfr	0	леріңіз	60
nfr	0	леріңізбен	60
nfr	0	леріңізге	60
nfr	0	леріңізде	60
nfr	0	леріңіздегі	60
nfr	0	леріңізден	60
nfr	0	леріңізді	60
nfr	0	леріңіздің	60
nfr	0	мен	60
nfr	0	міз	60
nfr	0	мін	60
nfr	0	сіз	60
nfr	0	сіздер	60
nfr	0	сің	60
nfr	0	сіңдер	60
nfr	0	і	60
nfr	0	ім	60
nfr	0	імде	60
nfr	0	імдегі	60
nfr	0	імді	60
nfr	0	іме	60
nfr	0	імен	60
nfr	0	іммен	60
nfr	0	імнен	60
nfr	0	імнің	60
nfr	0	іміз	60
nfr	0	імізбен	60
nfr	0	імізге	60
nfr	0	імізде	60
nfr	0	іміздегі	60
nfr	0	імізден	60
nfr	0	імізді	60
nfr	0	іміздің	60
nfr	0	ін	60
nfr	0	інде	60
nfr	0	індегі	60
nfr	0	іне	60
nfr	0	інен	60
nfr	0	інің	60
nfr	0	ің	60
nfr	0	іңде	60
nfr	0	іңдегі	60
nfr	0	іңді	60
nfr	0	іңе	60
nfr	0	іңмен	60
nfr	0	іңнен	60
nfr	0	іңнің	60
nfr	0	іңіз	60
nfr	0	іңізбен	60
nfr	0	іңізге	60
nfr	0	іңізде	60
nfr	0	іңіздегі	60
nfr	0	іңізден	60
nfr	0	іңізді	60
nfr	0	іңіздің	60
nft	0	ке	60
nft	0	міз	60
nft	0	мін	60
nft	0	пен	60
nft	0	сіз	60
nft	0	сіздер	60
nft	0	сің	60
nft	0	сіңдер	60
nft	0	те	60
nft	0	тегі	60
nft	0	тен	60
nft	0	тер	60
nft	0	терге	60
nft	0	терде	60
nft	0	тердегі	60
nft	0	терден	60
nft	0	терді	60
nft	0	тердің	60
nft	0	термен	60
nft	0	терміз	60
nft	0	термін	60
nft	0	терсіз	60
nft	0	терсіздер	60
nft	0	терсің	60
nft	0	терсіңдер	60
nft	0	тері	60
nft	0	терім	60
nft	0	терімде	60
nft	0	терімдегі	60
nft	0	терімді	60
nft	0	теріме	60
nft	0	терімен	60
nft	0	теріммен	60
nft	0	терімнен	60
nft	0	терімнің	60
nft	0	теріміз	60
nft	0	терімізбен	60
nft	0	терімізге	60
nft	0	терімізде	60
nft	0	теріміздегі	60
nft	0	терімізден	60
nft	0	терімізді	60
nft	0	теріміздің	60
nft	0	терін	60
nft	0	терінде	60
nft	0	теріндегі	60
nft	0	теріне	60
nft	0	терінен	60
nft	0	терінің	60
nft	0	терің	60
nft	0	теріңде	60
nft	0	теріңдегі	60
nft	0	теріңді	60
nft	0	теріңе	60
nft	0	теріңмен	60
nft	0	теріңнен	60
nft	0	теріңнің	60
nft	0	теріңіз	60
nft	0	теріңізбен	60
nft	0	теріңізге	60
nft	0	теріңізде	60
nft	0	теріңіздегі	60
nft	0	теріңізден	60
nft	0	теріңізді	60
nft	0	теріңіздің	60
nft	0	ті	60
nft	0	тің	60
nft	к	і	60
nft	к	ім	60
nft	к	імде	60
nft	к	імдегі	60
nft	к	імді	60
nft	к	іме	60
nft	к	імен	60
nft	к	іммен	60
nft	к	імнен	60
nft	к	імнің	60
nft	к	іміз	60
nft	к	імізбен	60
nft	к	імізге	60
nft	к	імізде	60
nft	к	іміздегі	60
nft	к	імізден	60
nft	к	імізді	60
nft	к	іміздің	60
nft	к	ін	60
nft	к	інде	60
nft	к	індегі	60
nft	к	іне	60
nft	к	інен	60
nft	к	інің	60
nft	к	ің	60
nft	к	іңде	60
nft	к	іңдегі	60
nft	к	іңді	60
nft	к	іңе	60
nft	к	іңмен	60
nft	к	іңнен	60
nft	к	іңнің	60
nft	к	іңіз	60
nft	к	іңізбен	60
nft	к	іңізге	60
nft	к	іңізде	60
nft	к	іңіздегі	60
nft	к	іңізден	60
nft	к	іңізді	60
nft	к	іңіздің	60
nft	п	і	60
nft	п	ім	60
nft	п	імде	60
nft	п	імдегі	60
nft	п	імді	60
nft	п	іме	60
nft	п	імен	60
nft	п	іммен	60
nft	п	імнен	60
nft	п	імнің	60
nft	п	іміз	60
nft	п	імізбен	60
nft	п	імізге	60
nft	п	імізде	60
nft	п	іміздегі	60
nft	п	імізден	60
nft	п	імізді	60
nft	п	іміздің	60
nft	п	ін	60
nft	п	інде	60
nft	п	індегі	60
nft	п	іне	60
nft	п	інен	60
nft	п	інің	60
nft	п	ің	60
nft	п	іңде	60
nft	п	іңдегі	60
nft	п	іңді	60
nft	п	іңе	60
nft	п	іңмен	60
nft	п	іңнен	60
nft	п	іңнің	60
nft	п	іңіз	60
nft	п	іңізбен	60
nft	п	іңізге	60
nft	п	іңізде	60
nft	п	іңіздегі	60
nft	п	іңізден	60
nft	п	іңізді	60
nft	п	іңіздің	60
nfv	0	ге	60
nfv	0	де	60
nfv	0	дегі	60
nfv	0	ден	60
nfv	0	лер	60
nfv	0	лерге	60
nfv	0	лерде	60
nfv	0	лердегі	60
nfv	0	лерден	60
nfv	0	лерді	60
nfv	0	лердің	60
nfv	0	лермен	60
nfv	0	лерміз	60
nfv	0	лермін	60
nfv	0	лерсіз	60
nfv	0	лерсіздер	60
nfv	0	лерсің	60
nfv	0	лерсіңдер	60
nfv	0	лері	60
nfv	0	лерім	60
nfv	0	лерімде	60
nfv	0	лерімдегі	60
nfv	0	лерімді	60
nfv	0	леріме	60
nfv	0	лерімен	60
nfv	0	леріммен	60
nfv	0	лерімнен	60
nfv	0	лерімнің	60
nfv	0	леріміз	60
nfv	0	лерімізбен	60
nfv	0	лерімізге	60
nfv	0	лерімізде	60
nfv	0	леріміздегі	60
nfv	0	лерімізден	60
nfv	0	лерімізді	60
nfv	0	леріміздің	60
nfv	0	лерін	60
nfv	0	лерінде	60
nfv	0	леріндегі	60
nfv	0	леріне	60
nfv	0	лерінен	60
nfv	0	лерінің	60
nfv	0	лерің	60
nfv	0	леріңде	60
nfv	0	леріңдегі	60
nfv	0	леріңді	60
nfv	0	леріңе	60
nfv	0	леріңмен	60
nfv	0	леріңнен	60
nfv	0	леріңнің	60
nfv	0	леріңіз	60
nfv	0	леріңізбен	60
nfv	0	леріңізге	60
nfv	0	леріңізде	60
nfv	0	леріңіздегі	60
nfv	0	леріңізден	60
nfv	0	леріңізді	60
nfv	0	леріңіздің	60
nfv	0	м	60
nfv	0	мде	60
nfv	0	мдегі	60
nfv	0	мді	60
nfv	0	ме	60
nfv	0	мен	60
nfv	0	ммен	60
nfv	0	мнен	60
nfv	0	мнің	60
nfv	0	міз	60
nfv	0	мізбен	60
nfv	0	мізге	60
nfv	0	мізде	60
nfv	0	міздегі	60
nfv	0	мізден	60
nfv	0	мізді	60
nfv	0	міздің	60
nfv	0	мін	60
nfv	0	ні	60
nfv	0	нің	60
nfv	0	сі	60
nfv	0	сіз	60
nfv	0	сіздер	60
nfv	0	сімен	60
nfv	0	сін	60
nfv	0	сінде	60
nfv	0	сіндегі	60
nfv	0	сіне	60
nfv	0	сінен	60
nfv	0	сінің	60
nfv	0	сің	60
nfv	0	сіңдер	60
nfv	0	ң	60
nfv	0	ңде	60
nfv	0	ңдегі	60
nfv	0	ңді	60
nfv	0	ңе	60
nfv	0	ңмен	60
nfv	0	ңнен	60
nfv	0	ңнің	60
nfv	0	ңіз	60
nfv	0	ңізбен	60
nfv	0	ңізге	60
nfv	0	ңізде	60
nfv	0	ңіздегі	60
nfv	0	ңізден	60
nfv	0	ңізді	60
nfv	0	ңіздің	60
nfz	0	бен	60
nfz	0	ге	60
nfz	0	де	60
nfz	0	дегі	60
nfz	0	ден	60
nfz	0	дер	60
nfz	0	дерге	60
nfz	0	дерде	60
nfz	0	дердегі	60
nfz	0	дерден	60
nfz	0	дерді	60
nfz	0	дердің	60
nfz	0	дермен	60
nfz	0	дерміз	60
nfz	0	дермін	60
nfz	0	дерсіз	60
nfz	0	дерсіздер	60
nfz	0	дерсің	60
nfz	0	дерсіңдер	60
nfz	0	дері	60
nfz	0	дерім	60
nfz	0	дерімде	60
nfz	0	дерімдегі	60
nfz	0	дерімді	60
nfz	0	деріме	60
nfz	0	дерімен	60
nfz	0	деріммен	60
nfz	0	дерімнен	60
nfz	0	дерімнің	60
nfz	0	деріміз	60
nfz	0	дерімізбен	60
nfz	0	дерімізге	60
nfz	0	дерімізде	60
nfz	0	деріміздегі	60
nfz	0	дерімізден	60
nfz	0	дерімізді	60
nfz	0	деріміздің	60
nfz	0	дерін	60
nfz	0	дерінде	60
nfz	0	деріндегі	60
nfz	0	деріне	60
nfz	0	дерінен	60
nfz	0	дерінің	60
nfz	0	дерің	60
nfz	0	деріңде	60
nfz	0	деріңдегі	60
nfz	0	деріңді	60
nfz	0	деріңе	60
nfz	0	деріңмен	60
nfz	0	деріңнен	60
nfz	0	деріңнің	60
nfz	0	деріңіз	60
nfz	0	деріңізбен	60
nfz	0	деріңізге	60
nfz	0	деріңізде	60
nfz	0	деріңіздегі	60
nfz	0	деріңізден	60
nfz	0	деріңізді	60
nfz	0	деріңіздің	60
nfz	0	ді	60
nfz	0	дің	60
nfz	0	мен	60
nfz	0	міз	60
nfz	0	мін	60
nfz	0	сіз	60
nfz	0	сіздер	60
nfz	0	сің	60
nfz	0	сіңдер	60
nfz	0	і	60
nfz	0	ім	60
nfz	0	імде	60
nfz	0	імдегі	60
nfz	0	імді	60
nfz	0	іме	60
nfz	0	імен	60
nfz	0	іммен	60
nfz	0	імнен	60
nfz	0	імнің	60
nfz	0	іміз	60
nfz	0	імізбен	60
nfz	0	імізге	60
nfz	0	імізде	60
nfz	0	іміздегі	60
nfz	0	імізден	60
nfz	0	імізді	60
nfz	0	іміздің	60
nfz	0	ін	60
nfz	0	інде	60
nfz	0	індегі	60
nfz	0	іне	60
nfz	0	інен	60
nfz	0	інің	60
nfz	0	ің	60
nfz	0	іңде	60
nfz	0	іңдегі	60
nfz	0	іңді	60
nfz	0	іңе	60
nfz	0	іңмен	60
nfz	0	іңнен	60
nfz	0	іңнің	60
nfz	0	іңіз	60
nfz	0	іңізбен	60
nfz	0	іңізге	60
nfz	0	іңізде	60
nfz	0	іңіздегі	60
nfz	0	іңізден	60
nfz	0	іңізді	60
nfz	0	іңіздің	60
