# class	residue	count — generated by tools/mine_residues.py
nbt	ы	1129
nbt	ты	1117
nbv	ның	1066
nbt	тың	1058
nbt	қа	1046
nbv	лық	1014
nbv	сы	980
nbv	ға	797
nbv	ны	762
vbv	ған	744
nbr	ға	737
nbr	ы	730
nft	і	730
nft	тің	697
nft	ті	695
nbt	тан	692
vbt	ып	678
nbt	тар	662
nbr	дың	655
nbv	лар	620
nft	ке	608
nbt	ын	599
nbn	ның	596
nbn	ды	553
nbv	сын	548
nbn	ға	533
nbt	та	533
nbr	ды	516
nbt	тық	513
nbv	дан	493
nbv	да	475
vbn	ып	473
nbn	ы	452
nbt	ына	450
nfv	сі	449
nbv	лы	448
nft	тен	447
vbv	ды	445
nbr	ын	433
nft	тер	428
nbt	пен	419
nft	ін	404
nbt	тай	402
nfv	нің	400
vbt	у	400
nbn	дар	394
nbr	дан	392
nbv	қ	388
nfr	і	383
nbn	дай	380
nbn	нан	371
nfv	лік	368
vfv	ген	360
nfv	ге	355
nbn	дық	351
nbt	тары	348
vft	іп	348
nfr	ге	346
nbr	лар	336
nfr	дің	336
nbv	сына	326
nbn	да	323
nbv	сының	321
nbt	тау	315
nfv	ні	315
nft	тік	311
nbv	мен	310
nbr	лық	309
nbt	ының	308
nfv	лер	301
nbr	да	300
nbv	м	293
nfn	і	293
vbr	ып	291
nbr	лы	287
nbv	лардың	287
nbn	ын	286
nfn	ді	285
nbt	тардың	284
vbv	у	284
nfv	сін	280
nbr	ына	276
vbt	ты	276
nbv	лары	272
nft	іне	269
vfn	іп	268
nft	пен	267
nbz	ды	264
nft	те	261
nbv	лау	260
vbt	қан	259
nbz	дың	258
nfn	нің	258
vbn	у	255
nfr	ді	254
vbn	ған	254
nbz	ға	253
nbt	ынан	249
nbz	ы	249
nft	інің	248
nfn	ге	245
vbv	йды	245
vft	у	239
nbr	мен	238
nbt	сыз	236
nbv	дай	234
nbz	дық	234
nfv	к	233
nfv	лі	232
vbz	ып	232
nfv	ден	231
vbz	ған	227
nft	тері	226
nbv	ң	223
nft	тердің	223
nbt	тарды	220
nbt	тарын	220
vbv	йтын	220
nbv	ларды	218
nbn	ына	216
nbv	ғы	214
nfr	лер	214
nbt	ында	210
nft	тей	210
vfv	ді	206
nbv	сында	200
nfr	ін	199
nbr	дай	197
nbt	тарға	193
nbv	дағы	192
nbv	сынан	191
vbr	у	191
nfr	лік	190
nbt	ым	187
nbt	тағы	186
nbn	дау	185
nbz	дар	185
nfr	ден	185
nft	терді	185
nbn	мен	184
nfn	дер	183
nbr	ының	182
vbr	ған	182
nbr	ынан	181
nbv	ларын	179
nbz	дан	179
nbt	ымен	177
nfv	ң	177
nfn	дей	175
nbt	тарының	173
vbn	ды	173
nfn	нен	172
nfv	сіне	172
nbn	дардың	171
nfv	м	171
nbv	ларға	167
nfn	ін	166
nbn	дары	163
nfn	дік	163
vft	ті	162
nft	теу	160
nft	інен	160
vbv	қ	159
nfv	де	158
nfv	леу	158
vfn	ген	157
nfr	іне	156
vbt	ады	154
vft	кен	154
nfr	де	153
nft	терін	153
vfn	у	153
nft	імен	152
vbz	ды	151
vbz	у	151
vfz	іп	151
nbr	ым	150
nbr	лау	149
nfv	мен	148
nfv	дей	147
nbr	лардың	146
nft	сіз	146
vbr	ды	146
vbv	са	146
nfr	мен	145
vbv	май	145
vfv	у	145
nbv	лығы	144
nfz	і	144
vfr	іп	144
nbn	ының	143
vfz	ген	142
nbn	ым	141
nbr	шы	140
nfn	де	140
nbz	да	137
nfz	ді	137
nfz	дік	137
nbn	дарды	136
nfn	іне	134
nft	інде	133
nbn	ша	132
nbv	ларының	132
nfv	лері	132
nbv	ды	131
nbr	лары	130
nfv	сінің	130
nfv	лердің	129
nbr	ында	128
nbv	ғын	128
nbz	дай	128
nbv	сымен	127
nfz	ге	127
nbt	ша	124
nbt	тардан	123
nbz	ын	120
nfz	дің	119
vbv	ма	119
nbt	ың	117
vfv	йді	117
vfv	йтін	117
nft	терге	116
nfr	лі	115
vbz	ады	114
nft	тегі	113
nbn	ынан	112
nfv	гі	112
nbr	ларды	111
nbn	дарын	110
nbn	дағы	110
nfr	інің	110
nfv	лігі	110
vfz	у	110
nft	терінің	109
nbt	тарына	108
nbz	дау	108
nfr	лердің	108
nfv	лерді	108
nbt	тарда	107
nbv	тын	107
nbn	ында	106
vbt	атын	106
nbv	на	105
nbr	дағы	103
vbv	та	103
vfr	ген	102
nbn	дарға	101
nbn	ымен	101
nbv	йды	101
nft	ім	101
nbr	ымен	100
nbt	тармен	99
nbt	шы	99
nbv	мды	99
nfn	дері	99
nfr	лері	99
nfz	ден	99
nbv	лығын	98
nbv	ған	98
nfn	дердің	97
nbn	ың	96
vfn	ді	96
nbt	ындағы	95
nbv	ларына	95
nbv	ма	95
nfn	мен	95
nfn	інің	95
nbr	ларға	94
nbv	лықты	94
nbv	нда	94
nbv	шы	94
vbz	атын	94
nbv	у	93
nfz	де	93
nbr	ларын	92
vfr	у	92
nfn	деу	91
nbr	сыз	90
vbv	на	90
vfz	ді	90
nbv	сыз	89
vft	еді	89
nbr	ың	88
nbv	ша	88
nfv	сінен	87
nbn	сыз	86
nbz	дардың	86
nfz	дер	86
vbn	дыру	85
nbt	ыңды	84
nbv	ңды	84
nbr	ша	83
nbv	лардан	83
nbv	мыз	83
nfn	дерді	83
vbr	ады	83
nbz	ына	82
nfn	ім	82
vfr	ді	82
nbz	дары	81
nbz	ым	80
nbr	лығы	79
nbv	мын	79
nfr	інен	79
nfv	лерге	79
nfv	лерін	79
vbr	атын	79
vbv	дым	79
nbv	н	78
nfn	інен	78
nbv	лыққа	77
nbv	ғына	77
vbv	сын	77
nbt	тарынан	76
nfr	інде	76
vbn	ады	76
vfz	еді	76
nfv	сінде	75
nbn	дарының	74
nbt	ып	74
nbv	лармен	73
nbz	ының	73
nfn	ше	73
nft	теріне	73
nft	ің	73
nfv	гін	73
nfv	лікке	73
nbv	ларда	72
nbv	сындағы	72
nfz	дей	72
vbr	ылған	72
nbt	ымды	71
nbv	са	71
vbt	ылған	71
nbt	тарында	70
nfv	лерінің	70
nbr	ларының	69
nfn	імен	69
nfn	ің	69
nft	терден	69
vfv	се	69
nfn	дерін	68
nfr	лерге	68
nft	ше	68
nfv	сімен	68
nbv	лықтың	67
nbv	ты	67
vbv	майды	67
vbz	май	67
vft	етін	67
nft	індегі	66
nfv	лық	66
vfv	к	66
vfv	ме	66
nbn	дардан	65
nbz	дарға	65
nft	термен	65
vbr	ушы	65
nbr	шылық	64
nft	ші	64
nfv	лігін	64
nfz	деу	64
nfz	ін	64
vbz	са	64
vfz	етін	64
nbz	мен	63
nfn	інде	63
nfr	імен	63
vbv	пты	63
nbv	ларынан	62
nbz	дарды	62
nfn	сіз	62
nfr	дегі	62
nfv	ңді	62
nbn	дыққа	61
nbt	тайды	61
nfz	ім	61
vbz	маған	61
nbv	лығына	60
nfr	дей	60
nfr	леу	60
nft	терде	60
vfn	еді	60
nbt	тарымен	59
nbt	шылар	59
nfz	іне	59
nbn	дарына	58
nfv	мді	58
vbn	атын	58
nfn	дерге	57
nbt	у	56
nfr	ім	56
nfv	дегі	56
vbr	ылып	56
vbt	тыру	56
vbv	майтын	56
nft	терімен	55
nfv	ліктің	55
vbr	ма	55
vbr	май	55
vbt	тырып	55
nbv	пты	54
nfv	ді	54
vbn	дырып	54
vbt	па	54
vbv	ушы	54
nbr	ындағы	53
nbv	ларында	53
nbv	ғының	53
nbz	ынан	53
nfz	дері	53
vbv	ғы	53
vfn	діру	53
vfn	етін	53
nbn	дарда	52
nbn	дықтың	52
nbr	шылар	52
nfr	ші	52
nfv	лігіне	52
nfv	не	52
nbn	дықтан	51
nbt	ыңа	51
nbv	ғынан	51
nbz	сыз	51
nfr	сіз	51
nft	терінде	51
vfv	не	51
nbr	лыққа	50
nbv	йдың	50
nbv	мның	50
nbv	ңа	50
nbv	ңыз	50
nfr	ің	50
nft	імді	50
nft	іңді	50
nfv	ның	50
nfv	ше	50
vbv	маған	50
vbz	майды	50
vfv	мей	50
vfv	те	50
nbt	шылық	49
nbv	лауға	49
nbv	ғым	49
nfn	дегі	49
nfv	лікті	49
vbv	ып	49
nbv	лықпен	48
nbz	дарын	48
nbz	ында	48
nfr	лерді	48
nfv	леріне	48
nfv	ші	48
nbn	дықты	47
nbr	ларына	47
nbr	ыңды	47
nbt	тықты	47
nbv	лықтан	47
nfn	дерінің	47
nfr	лерін	47
nfv	лерден	47
nfv	н	47
vbn	дыр	47
vbv	ймын	47
vft	се	47
vft	ілген	47
nbt	ыл	46
nbv	сың	46
vbt	са	46
vbt	ушы	46
nbn	дайды	45
nbr	лығын	45
nbr	ымды	45
nft	терінен	45
nfv	лікпен	45
nfz	інің	45
vbt	тым	45
vbv	саң	45
vfr	еді	45
nbn	шы	44
nbn	ыңды	44
nbz	дағы	44
nfv	сіз	44
vbt	ылып	44
nbt	тыққа	43
nbt	ыны	43
nbv	ларымен	43
nbz	дарының	43
nfr	лерінің	43
vbr	са	43
nbn	дармен	42
nbr	лардан	42
nbr	мын	42
nbt	ыма	42
nbt	ымыз	42
nbv	рақ	42
nfv	ген	42
nfz	дерді	42
vbv	мады	42
nbn	а	41
nbv	йтын	41
nbv	ндағы	41
nfn	дерден	41
nft	іп	41
nfz	дерін	41
nfz	інде	41
nfz	інен	41
vbt	пайды	41
nbn	ындағы	40
nbt	пын	40
nbt	сыздық	40
nbz	бен	40
nbz	дайды	40
nbz	ың	40
nfv	гіне	40
nfv	лермен	40
nfv	нде	40
nfv	ға	40
nfz	дегі	40
vbn	баған	40
vfr	етін	40
nbr	ларда	39
nbr	ып	39
nbv	мнан	39
nfv	мін	39
nfv	рек	39
nfz	мен	39
vbt	ы	39
vbv	дың	39
vbv	мақ	39
vfv	сін	39
nbr	ыма	38
nbv	та	38
nfv	лерде	38
nfv	тін	38
vbt	пады	38
vft	іліп	38
nbt	таушы	37
nbt	тауға	37
nbz	дардан	37
nbz	шы	37
nfn	деріне	37
nfr	шілік	37
nfv	міз	37
nfv	пті	37
nfv	сы	37
nfz	ің	37
vbv	йсың	37
vbv	м	37
vfn	діріп	37
nbn	ыма	36
nbr	лықты	36
nbr	ыңа	36
nbv	ңның	36
nft	тікке	36
nft	шілер	36
nfz	дердің	36
vbr	та	36
vbt	тық	36
vfr	ілген	36
nbv	ба	35
nbv	нан	35
nfv	ме	35
vbr	майды	35
vbv	дық	35
vfr	уші	35
vft	тім	35
nbn	шылық	34
nbr	ымыз	34
nbt	ыға	34
nbt	ыңнан	34
nbv	ғың	34
nfn	ші	34
nft	тейді	34
vbt	паған	34
vbt	тың	34
vbt	ылады	34
vbt	ылды	34
vbz	майтын	34
nbn	дарынан	33
nbn	дарында	33
nbv	шылар	33
nbv	ңда	33
nfn	іңді	33
nfv	се	33
vbr	ылады	33
vbt	ылу	33
nbn	дан	32
nbn	дауға	32
nbt	тардағы	32
nbt	ымнан	32
nbt	қан	32
nbv	дың	32
nbv	лығының	32
nbv	тай	32
nbv	ғында	32
nbv	ңнан	32
nbz	дыққа	32
nfr	лермен	32
nft	іңе	32
nfv	лерімен	32
nfz	сіз	32
nbr	лармен	31
nbz	дарда	31
nbz	ымен	31
nfr	леріне	31
nft	сіздік	31
nfv	лерінде	31
nfv	мнің	31
nfv	у	31
vbr	дым	31
vbv	сам	31
vfv	гі	31
vfz	меген	31
nbt	сың	30
nbv	қа	30
nbz	ша	30
nbz	ып	30
nfn	гі	30
nfn	сіздік	30
nfv	гінің	30
nfv	йді	30
nfv	сіндегі	30
nfz	імен	30
vbv	ң	30
vbz	дым	30
vbz	ыпты	30
vft	пейді	30
vfz	се	30
nbn	ымды	29
nbr	сың	29
nbv	лаушы	29
nbv	ғымен	29
nfn	дерде	29
nfn	діктен	29
nfr	іміз	29
nfr	індегі	29
nft	тіктің	29
nfv	ңе	29
vbn	са	29
vbr	дың	29
vbr	ылатын	29
vbr	ылу	29
vfr	дім	29
vft	пе	29
vft	пек	29
nbn	дарымен	28
nbr	лықтан	28
nbr	шылардың	28
nbv	лықтар	28
nbv	ншы	28
nbv	шылық	28
nfn	імді	28
nfr	лігі	28
nfr	імді	28
nfv	лар	28
nfv	ңнен	28
nfz	імді	28
vbr	ылды	28
vbt	пайтын	28
vbt	ылатын	28
vbv	ушылық	28
vbz	сын	28
vbz	ыс	28
vfn	дір	28
vft	тіріп	28
vfz	мей	28
nbr	ларында	27
nbr	лықтың	27
nbt	тарындағы	27
nbt	ымның	27
nbv	мыздың	27
nbv	ғымды	27
nbz	дарына	27
nbz	дықтың	27
nfv	ке	27
nfv	нен	27
nfv	ны	27
vbn	ушы	27
vbr	ыс	27
vbt	пақ	27
vbt	тырды	27
vft	тік	27
vft	тіру	27
nbn	ыңа	26
nbr	лықпен	26
nbr	шының	26
nbt	лы	26
nbt	шының	26
nbv	бын	26
nbv	лығымен	26
nbv	мызды	26
nbv	мға	26
nbv	қан	26
nft	іміз	26
nfv	да	26
nfv	ліктен	26
nfz	дейді	26
vbt	ын	26
vbv	мау	26
vbv	сы	26
vfr	мей	26
vfv	дім	26
vfv	пті	26
vfv	сең	26
nbn	дықпен	25
nbn	сыздық	25
nbn	ырақ	25
nbv	ңызды	25
nfn	індегі	25
nfr	лерде	25
nft	тікті	25
nft	іме	25
nfv	лерінен	25
vbr	майтын	25
vbt	пау	25
vbt	тыр	25
vbt	ыпты	25
vbv	ймыз	25
vbz	мады	25
vbz	ы	25
vfn	се	25
vft	ілді	25
vfv	мейді	25
nbn	дықтар	24
nbn	ғы	24
nbr	шысы	24
nbr	ымның	24
nbt	тауы	24
nbt	тер	24
nbv	байдың	24
nbv	лауы	24
nbv	лықта	24
nbv	птың	24
nbz	дарында	24
nbz	дықты	24
nbz	ымды	24
nft	у	24
nft	шілік	24
nft	іл	24
nft	іні	24
nfv	лігімен	24
nfv	мнен	24
nfv	сің	24
vbn	байды	24
vbr	мақ	24
vbr	сын	24
vbr	ға	24
vbv	ны	24
vbv	ңыз	24
vft	іледі	24
vft	ілу	24
vfv	гін	24
nbn	шылар	23
nbr	тын	23
nbr	ынды	23
nbt	тықпен	23
nbt	тің	23
nbv	лаудың	23
nbv	лым	23
nbz	ады	23
nbz	ыңды	23
nfn	дікке	23
nfn	шілік	23
nfr	ше	23
nfv	ті	23
nfv	ңнің	23
vbn	дыратын	23
vbr	ыпты	23
vbt	тырған	23
vbv	усыз	23
vbv	ғын	23
vft	пеген	23
vft	уші	23
vft	іпті	23
vfz	уші	23
nbn	дардағы	22
nbn	лар	22
nbr	ыны	22
nbr	ғы	22
nbt	ымызды	22
nbt	ыңыз	22
nbv	лылық	22
nbv	май	22
nbv	мда	22
nbv	мызға	22
nbv	саң	22
nbv	тым	22
nfn	іміз	22
nfr	лерден	22
nfr	лігін	22
nfr	іңді	22
nfv	ңіз	22
nfz	дікке	22
vbn	дым	22
vbv	шы	22
vfr	іліп	22
vfv	уші	22
nbn	мын	21
nbr	лығына	21
nbr	ыл	21
nbr	ымнан	21
nbt	ады	21
nbt	шылардың	21
nbv	лардағы	21
nbv	шының	21
nbz	дарынан	21
nbz	ымыз	21
nfn	дермен	21
nfr	лікке	21
nfv	мде	21
nfz	дерде	21
nfz	дерінің	21
nfz	ше	21
nfz	індегі	21
vbn	дырылған	21
vfn	беген	21
vfn	дім	21
vfr	се	21
vft	педі	21
vft	сең	21
vft	сін	21
vft	інді	21
vfv	м	21
vfz	дім	21
nbn	сы	20
nbr	лылық	20
nbr	та	20
nbr	ыс	20
nbr	қан	20
nbt	тықтан	20
nbt	і	20
nbv	ңға	20
nbz	дармен	20
nbz	ған	20
nfn	дерінде	20
nfv	гінен	20
nfv	лігінің	20
nfv	мізді	20
nfv	сының	20
nfz	бен	20
nfz	дерге	20
nfz	дікті	20
nfz	діктің	20
nfz	іңді	20
vbn	сын	20
vbr	саң	20
vbr	ушылық	20
vbr	ысып	20
vbt	саң	20
vfn	діретін	20
vfn	ушілік	20
vfr	ме	20
vft	пейтін	20
vfv	ймін	20
vfv	йсің	20
vfz	мейді	20
vfz	ім	20
nbn	байдың	19
nbn	дарың	19
nbn	ыңнан	19
nbr	ларынан	19
nbr	шыға	19
nbt	ның	19
nbt	тарым	19
nbt	тердің	19
nbt	тықтың	19
nbt	ті	19
nbv	ймын	19
nbv	лылығы	19
nbv	мызда	19
nbv	шым	19
nbv	ғыңды	19
nfn	ден	19
nfn	дікті	19
nfn	іме	19
nfr	лерімен	19
nfr	шілер	19
nft	пін	19
nft	теріндегі	19
nft	шінің	19
nfv	дің	19
nfv	леуге	19
vbn	дырды	19
vbr	ыл	19
vbt	тырады	19
vbt	ушылық	19
vbv	маса	19
vfn	бейді	19
vft	песе	19
vft	тің	19
vft	іл	19
vfv	іп	19
nbn	ақ	18
nbn	даушы	18
nbn	на	18
nbn	сың	18
nbt	лар	18
nbt	таудың	18
nbt	тік	18
nbt	ысын	18
nbt	ыңда	18
nbv	дар	18
nbv	лының	18
nbz	ыны	18
nfn	іңе	18
nfr	лерінде	18
nfr	лігіне	18
nft	кен	18
nft	теуге	18
nft	тіктен	18
nft	іңнен	18
nfv	бек	18
nfv	йтін	18
nfv	міздің	18
nfz	імнің	18
vbn	дырады	18
vbn	ыс	18
vbr	дық	18
vbt	сын	18
vbv	тар	18
vfn	дірді	18
vfr	те	18
vfr	іледі	18
vft	ілетін	18
vfz	іс	18
nbn	дайын	17
nbn	дауы	17
nbr	шылары	17
nbt	ке	17
nbt	ылды	17
nbt	ымда	17
nbv	лына	17
nbv	ммен	17
nbv	сыны	17
nbz	ақ	17
nbz	у	17
nfn	дейді	17
nfn	деуге	17
nfn	шілер	17
nfn	ірек	17
nfr	мін	17
nfr	іп	17
nfr	іңе	17
nft	шілердің	17
nft	імнің	17
nfv	дан	17
nfv	ліктер	17
nfv	ңде	17
nfz	дерден	17
nfz	іме	17
nfz	іңе	17
vbn	байтын	17
vbr	мады	17
vbr	мау	17
vbr	маған	17
vbr	ы	17
vbr	ын	17
vbt	ам	17
vbt	тыратын	17
vbt	ына	17
vbv	мды	17
vft	ін	17
nbn	лық	16
nbn	ымыз	16
nbr	ымда	16
nbr	қа	16
nbt	шысы	16
nbt	ынын	16
nbv	лын	16
nbv	тар	16
nbv	ңызға	16
nbz	дықпен	16
nfn	дерінен	16
nfr	ке	16
nft	іге	16
nfv	сын	16
nfz	гі	16
nfz	деріне	16
nfz	імде	16
nfz	іміз	16
vbn	дырған	16
vbn	ушылық	16
vbr	ым	16
vbv	нда	16
vbv	ушылар	16
vbz	мақ	16
vbz	ысты	16
vbz	ысып	16
vfn	іс	16
vfr	мейді	16
vft	імді	16
vfv	дің	16
vfv	усіз	16
vfz	сін	16
nbn	дарындағы	15
nbn	дықта	15
nbn	ып	15
nbr	ады	15
nbr	лауға	15
nbr	сыздық	15
nbt	тарың	15
nbt	тырақ	15
nbt	шасы	15
nbt	ынды	15
nbt	ыңның	15
nbt	ға	15
nbv	йсыз	15
nbv	ларың	15
nbv	лықтарын	15
nbv	лың	15
nbz	дауға	15
nbz	дықтан	15
nbz	шылар	15
nfn	дерімен	15
nfn	іңіз	15
nfr	ліктің	15
nfr	сің	15
nft	нің	15
nft	тікпен	15
nfv	гім	15
nfv	гімен	15
nfv	гің	15
nfv	ндегі	15
nfz	дерінде	15
nfz	у	15
vbn	ба	15
vbr	амын	15
vbr	ушылар	15
vbv	лы	15
vbv	маймын	15
vbz	дың	15
vbz	ма	15
vfn	дірілген	15
vfn	уші	15
vfr	дің	15
vfr	меді	15
vfv	мейтін	15
vfv	ң	15
vfz	мейтін	15
vfz	іпті	15
nbn	дырақ	14
nbn	лары	14
nbn	сыздау	14
nbn	тай	14
nbn	шылардың	14
nbn	ымда	14
nbn	ымнан	14
nbr	байдың	14
nbr	ларымен	14
nbr	лықтар	14
nbr	ма	14
nbr	мыз	14
nbr	на	14
nbr	са	14
nbr	шаның	14
nbt	сы	14
nbt	тайсың	14
nbt	тыру	14
nbt	ырақ	14
nbv	дым	14
nbv	лығында	14
nbv	лықтарды	14
nbv	сыздық	14
nbv	ғыңа	14
nbv	ңмен	14
nbv	ңын	14
nbz	даушы	14
nbz	ындағы	14
nbz	ыңа	14
nfn	е	14
nfn	іңнен	14
nfr	іні	14
nft	ең	14
nft	тердегі	14
nft	імнен	14
nfv	гіңді	14
nfv	сына	14
nfz	іңнен	14
vbn	дай	14
vbn	ыпты	14
vbr	сам	14
vbr	шы	14
vbt	тырылған	14
vbv	лар	14
vbv	н	14
vbv	сақ	14
vbz	дық	14
vfn	бе	14
vfn	іпті	14
vfr	емін	14
vfr	меген	14
vfr	ілу	14
vfr	іс	14
vft	тірді	14
vft	ім	14
vfv	меген	14
vfv	меді	14
vfv	меу	14
vfz	діру	14
vfz	дің	14
nbn	ады	13
nbn	даймыз	13
nbn	нің	13
nbn	шының	13
nbn	ымның	13
nbn	ыс	13
nbn	ыға	13
nbr	ақ	13
nbr	лығымен	13
nbr	саң	13
nbr	сы	13
nbr	сын	13
nbr	ылды	13
nbr	ыпты	13
nbr	ған	13
nbt	бау	13
nbt	па	13
nbt	таумен	13
nbt	шыға	13
nbt	ылып	13
nbv	балық	13
nbv	баның	13
nbv	басы	13
nbv	дайын	13
nbv	ларындағы	13
nbv	лығынан	13
nbv	нымыз	13
nbv	тыр	13
nbv	шын	13
nbz	ыма	13
nfn	сі	13
nfn	сіздеу	13
nfn	іс	13
nfr	лерінен	13
nfr	лікпен	13
nfr	сіздік	13
nfr	іме	13
nft	сіздеу	13
nft	теуі	13
nft	тірек	13
nft	шілері	13
nft	іңнің	13
nfv	йдің	13
nfv	кен	13
nfv	лілік	13
nfv	мізге	13
nfv	шім	13
nfz	імнен	13
vbt	ылмаған	13
vbt	ынды	13
vbt	ысып	13
vbv	тын	13
vbv	ғына	13
vbz	ушы	13
vfn	діреді	13
vfr	мейтін	13
vfr	мек	13
vft	сем	13
vft	тір	13
vft	тірген	13
vfv	дік	13
vfv	мек	13
vfz	імді	13
vfz	імін	13
vfz	ініп	13
nbn		12
nbn	даймын	12
nbn	дайсың	12
nbn	ларға	12
nbn	шылыққа	12
nbr	лаушы	12
nbr	у	12
nbr	шыларды	12
nbr	шыларға	12
nbr	шыны	12
nbr	ысып	12
nbr	ыға	12
nbt	атын	12
nbt	лық	12
nbt	сыздау	12
nbt	таймын	12
nbt	таушылар	12
nbt	тын	12
nbt	шалар	12
nbt	шылары	12
nbt	ымызда	12
nbv	йсың	12
nbv	лауын	12
nbv	лықтардың	12
nbv	мақ	12
nbv	сақ	12
nbv	ғындағы	12
nbv	ңдағы	12
nbz	дайын	12
nfn	діктің	12
nfn	ке	12
nfr	шінің	12
nft	сі	12
nft	сін	12
nfv	лердегі	12
nfv	лы	12
nfv	лігінен	12
nfv	лікте	12
nfv	ліктерді	12
nfv	нші	12
nfz	дермен	12
nfz	дерінен	12
nfz	дерің	12
nfz	іп	12
vbr	ам	12
vbr	ушының	12
vbr	ынып	12
vbt	сам	12
vbt	ылмай	12
vbt	ымды	12
vbt	ыс	12
vbv	мын	12
vbv	ға	12
vbv	ғым	12
vbv	ғысы	12
vbz	маса	12
vfn	беді	12
vfn	ем	12
vfr	сін	12
vfr	ушілер	12
vfr	і	12
vft	і	12
vfv	сі	12
vfv	тер	12
vfv	ушілік	12
vfz	інген	12
nbn	даудың	11
nbn	са	11
nbn	ң	11
nbr	дар	11
nbr	лардағы	11
nbr	лығынан	11
nbr	мақ	11
nbr	ырақ	11
nbt	ылған	11
nbt	ымыздың	11
nbt	ыс	11
nbv	байды	11
nbv	баны	11
nbv	бағы	11
nbv	лаудан	11
nbv	лықтары	11
nbv	сыға	11
nbv	тың	11
nbv	шылардың	11
nbv	ғыз	11
nbv	ғыма	11
nbv	ғымыз	11
nbz	дауы	11
nbz	ымнан	11
nbz	ымын	11
nbz	ыға	11
nbz	ыңнан	11
nfn	бек	11
nfn	деуі	11
nfn	еді	11
nfn	іге	11
nfn	імде	11
nfr	гі	11
nfr	лікті	11
nfr	шілердің	11
nfr	іге	11
nfr	імде	11
nft	терің	11
nft	шенің	11
nft	шіге	11
nft	іден	11
nft	імде	11
nfv	гінде	11
nfv	леудің	11
nfv	нікі	11
nfz	деуге	11
nfz	діктен	11
nfz	ші	11
vbn	ысты	11
vbr	ғысы	11
vbt	паймын	11
vbt	ыл	11
vbt	ым	11
vbt	ынан	11
vbt	ының	11
vbv	ты	11
vbz	ам	11
vbz	амын	11
vbz	мау	11
vbz	ым	11
vbz	ыстың	11
vfn	де	11
vfr	ілді	11
vfr	ілетін	11
vfr	ім	11
vfr	іпті	11
vft	ушілік	11
vft	ілмеген	11
vft	ілмей	11
vft	іні	11
vfv	н	11
vfv	ңіз	11
vfz	ілген	11
vfz	імнің	11
vfz	інетін	11
nbn	басы	10
nbn	дықтағы	10
nbn	н	10
nbn	нда	10
nbn	сын	10
nbn	ымызды	10
nbn	ған	10
nbr	ты	10
nbr	шаны	10
nbr	шыларының	10
nbr	ылдың	10
nbr	ыммен	10
nbr	ымызды	10
nbr	ымызға	10
nbr	ыңнан	10
nbr	ыңыз	10
nbt	байдың	10
nbt	са	10
nbt	тайын	10
nbt	тарымыздың	10
nbt	таудан	10
nbt	тауын	10
nbt	тым	10
nbt	тырып	10
nbt	шалары	10
nbt	ыда	10
nbt	ыдан	10
nbv	басын	10
nbv	бақ	10
nbv	дыр	10
nbv	лауда	10
nbv	лаумен	10
nbv	лымды	10
nbv	лынан	10
nbv	мсыз	10
nbv	шаға	10
nbz	дықтар	10
nbz	шының	10
nbz	ырақ	10
nbz	ыңыз	10
nfn	дерім	10
nfn	деуші	10
nfn	дірек	10
nfn	мін	10
nfn	сін	10
nfn	імізді	10
nfr	лердегі	10
nfr	тін	10
nft	лі	10
nft	сің	10
nft	теріңді	10
nft	теумен	10
nft	теуші	10
nft	шілерге	10
nft	іде	10
nfv	гімді	10
nfv	дағы	10
nfv	лардың	10
nfv	лерің	10
nfv	леуші	10
nfv	лім	10
nfv	ліне	10
nfv	шілер	10
nfz	дікпен	10
nfz	імізге	10
vbn	бады	10
vbn	ушының	10
vbr	асың	10
vbr	да	10
vbr	сақ	10
vbr	ушылардың	10
vbr	ымды	10
vbr	ынды	10
vbr	ысты	10
vbr	ысу	10
vbt	тырылады	10
vbt	ушылар	10
vbt	ымен	10
vbt	ысу	10
vbt	қызып	10
vbv	сына	10
vbz	амыз	10
vbz	ысу	10
vfn	бейтін	10
vfn	дей	10
vfn	сін	10
vfn	ісіп	10
vfn	ің	10
vfr	сең	10
vfr	ілмеген	10
vft	пеу	10
vft	сек	10
vfv	гіне	10
vfv	йміз	10
vfv	сем	10
vfz	дік	10
vfz	діріп	10
vfz	ем	10
vfz	інеді	10
vfz	істі	10
nbn	байды	9
nbn	лардың	9
nbn	шыға	9
nbn	ыңда	9
nbr	ба	9
nbr	ларым	9
nbr	лысы	9
nbr	лығының	9
nbr	ның	9
nbr	сақ	9
nbr	тық	9
nbr	шалар	9
nbr	шасы	9
nbr	шыдан	9
nbr	ымға	9
nbr	ысын	9
nbt	ақ	9
nbt	да	9
nbt	лары	9
nbt	терді	9
nbt	тымын	9
nbt	тықта	9
nbt	шыны	9
nbt	ынып	9
nbt	ыңмен	9
nbt	ыңызға	9
nbt	ін	9
nbv	лаушылар	9
nbv	лылар	9
nbv	лығың	9
nbv	лықсыз	9
nbv	мыздан	9
nbv	пақ	9
nbv	тайдың	9
nbv	шағы	9
nbv	ғыдай	9
nbv	ғымның	9
nbv	ғыны	9
nbv	ңқа	9
nbz	атын	9
nbz	дарымен	9
nbz	дарындағы	9
nbz	дыр	9
nbz	ғы	9
nfn	дердегі	9
nfn	шең	9
nfn	шінің	9
nfn	імнен	9
nfn	імнің	9
nfr	бек	9
nfr	ліктен	9
nfr	іл	9
nfr	імнің	9
nfr	іңнің	9
nfr	іңіз	9
nfr	іңізге	9
nft	бек	9
nft	сіздіктің	9
nft	теудің	9
nft	шісі	9
nft	ісін	9
nfv	бе	9
nfv	бін	9
nfv	гіңе	9
nfv	ларды	9
nfv	лары	9
nfv	леріндегі	9
nfv	лігінде	9
nfv	ліктердің	9
nfv	ліктерін	9
nfv	лін	9
nfv	мге	9
nfv	мізде	9
nfv	ректі	9
nfv	сында	9
nfv	сіздік	9
nfv	сіні	9
nfz	ген	9
nfz	іммен	9
nfz	іңнің	9
vbn	ам	9
vbn	баса	9
vbn	дық	9
vbn	сам	9
vbn	ушылар	9
vbr	амыз	9
vbr	ғызу	9
vbt	паса	9
vbt	ында	9
vbt	қа	9
vbt	қыз	9
vbt	қызу	9
vbv	масаң	9
vbv	тайын	9
vbz	дыру	9
vfn	істі	9
vfr	месе	9
vfr	ушілік	9
vfr	ісіп	9
vft	ке	9
vft	імге	9
vft	ініп	9
vft	істі	9
vft	ісу	9
vfv	гім	9
vfv	гінің	9
vfv	гің	9
vfv	мді	9
vfv	мін	9
vfv	нде	9
vfv	тін	9
vfz	і	9
vfz	імге	9
vfz	інді	9
nbn	даудан	8
nbn	даумен	8
nbn	де	8
nbn	ларын	8
nbn	ма	8
nbn	сақ	8
nbn	ымызда	8
nbn	ымызға	8
nbn	ысты	8
nbn	ыңның	8
nbn	ыңыз	8
nbr	лауы	8
nbr	лылау	8
nbr	лының	8
nbr	лықта	8
nbr	май	8
nbr	шаға	8
nbr	шылығы	8
nbr	шығы	8
nbr	ылған	8
nbr	ымыздың	8
nbr	ымын	8
nbr	ынсыз	8
nbr	ысты	8
nbr	ыңызды	8
nbt	дар	8
nbt	сыздықты	8
nbt	тарымыз	8
nbt	тауда	8
nbt	таулы	8
nbt	тағылар	8
nbt	те	8
nbt	тен	8
nbt	терін	8
nbt	тықтар	8
nbt	тықтары	8
nbt	шасын	8
nbt	шаға	8
nbt	ымдағы	8
nbt	ымыздан	8
nbt	ымызға	8
nbt	інің	8
nbv	дің	8
nbv	ларсың	8
nbv	лаушылық	8
nbv	лымен	8
nbv	лықтарға	8
nbv	лыңды	8
nbv	мдағы	8
nbv	мыздағы	8
nbv	па	8
nbv	птық	8
nbv	сыңа	8
nbv	тау	8
nbv	усыз	8
nbv	шылықты	8
nbv	шыны	8
nbv	шыға	8
nbv	ғырақ	8
nbz	бын	8
nbz	дардағы	8
nbz	даушының	8
nbz	дықта	8
nbz	сыздық	8
nbz	тай	8
nbz	ымның	8
nfn	деудің	8
nfn	деулі	8
nfn	лер	8
nfn	сіздікке	8
nfn	шілікке	8
nfn	іп	8
nfn	ісін	8
nfr	кен	8
nfr	леуге	8
nfr	леуші	8
nfr	ті	8
nfr	шіге	8
nfr	іден	8
nfr	іміздің	8
nft	тейін	8
nft	тікте	8
nft	шеге	8
nft	шіні	8
nft	імізді	8
nft	інді	8
nfv	ймін	8
nfv	лау	8
nfv	леумен	8
nfv	леуі	8
nfv	ліктері	8
nfv	лінің	8
nfv	лісі	8
nfv	сек	8
nfv	шесі	8
nfv	шең	8
nfv	шілік	8
nfv	шін	8
nfv	і	8
nfz	гісі	8
nfz	дерімен	8
nfz	лер	8
nfz	іге	8
nfz	іміздің	8
nfz	іңіз	8
nfz	іңізді	8
vbn	бақ	8
vbn	да	8
vbn	дырылу	8
vbn	дың	8
vbn	ушыға	8
vbn	ылатын	8
vbn	ым	8
vbn	ың	8
vbr	маса	8
vbr	ыстың	8
vbt	амын	8
vbt	пасаң	8
vbt	тан	8
vbt	тырылу	8
vbt	ыны	8
vbt	ынып	8
vbv	йдың	8
vbv	лын	8
vbv	мсыз	8
vbv	ншы	8
vbv	ушының	8
vbv	ғынан	8
vbz	дырып	8
vbz	ынған	8
vbz	ғысы	8
vfn	дірген	8
vfn	дірмей	8
vfr	гісі	8
vfr	меу	8
vfr	ушінің	8
vfr	ші	8
vft	ем	8
vft	кізіп	8
vft	тен	8
vft	іңіз	8
vfv	лер	8
vfv	лі	8
vfv	мде	8
vfv	месең	8
vfv	мнің	8
vfv	ушілер	8
vfz	беді	8
vfz	меді	8
vfz	сем	8
vfz	сең	8
vfz	ушілік	8
vfz	іліп	8
vfz	імде	8
vfz	іну	8
nbn	дауда	7
nbn	даушылық	7
nbn	дықтары	7
nbn	ндағы	7
nbn	шым	7
nbn	шыны	7
nbn	ыны	7
nbn	ысын	7
nbn	ысың	7
nbn	і	7
nbn	ңа	7
nbr	дайын	7
nbr	ларың	7
nbr	лаудың	7
nbr	лауына	7
nbr	лылығы	7
nbr	лырақ	7
nbr	лықтардың	7
nbr	м	7
nbr	сыздау	7
nbr	тың	7
nbr	шаң	7
nbr	шылыққа	7
nbr	ылып	7
nbr	ынын	7
nbr	ыңның	7
nbt	аң	7
nbt	ба	7
nbt	сыздыққа	7
nbt	сын	7
nbt	тарыңды	7
nbt	тері	7
nbt	терінің	7
nbt	шамен	7
nbt	шыларды	7
nbt	шыларға	7
nbt	шылыққа	7
nbt	ындық	7
nbt	ынсыз	7
nbt	іне	7
nbv	балар	7
nbv	балы	7
nbv	ларның	7
nbv	лылау	7
nbv	лымның	7
nbv	лықтарының	7
nbv	сыңдар	7
nbv	тайым	7
nbv	тан	7
nbv	шылықтың	7
nbv	шына	7
nbv	шында	7
nbv	шығы	7
nbv	ғамын	7
nbv	ғылар	7
nbv	ңыздан	7
nbz	байдың	7
nbz	мын	7
nbz	шылық	7
nbz	ынды	7
nbz	ыс	7
nfn	гідей	7
nfn	деріндегі	7
nfn	дікте	7
nfn	ек	7
nfn	се	7
nfn	шілердің	7
nfr	лігімен	7
nfr	лілік	7
nfr	міз	7
nfr	нің	7
nfr	у	7
nfr	шілікке	7
nfr	імізді	7
nfr	інсіз	7
nfr	іңнен	7
nft	лер	7
nft	сіздікке	7
nft	сіздіктен	7
nft	терім	7
nft	теулер	7
nft	теулі	7
nft	теуіне	7
nft	тіктегі	7
nft	тіктер	7
nft	шесі	7
nft	шілікке	7
nft	ілді	7
nft	ілін	7
nft	іммен	7
nft	імізден	7
nft	ірек	7
nfv	дім	7
nfv	леріміз	7
nfv	лілігі	7
nfv	лінен	7
nfv	ммен	7
nfv	мізден	7
nfv	ншісі	7
nfv	птің	7
nfv	ректе	7
nfv	ректей	7
nfv	ректен	7
nfv	ректің	7
nfv	сем	7
nfv	тің	7
nfv	шілердің	7
nfv	ңге	7
nfv	ңсіз	7
nfz	дерім	7
nfz	деуі	7
nfz	нің	7
nfz	шілер	7
nfz	імізді	7
nfz	іңде	7
vbn	дырылды	7
vbn	саң	7
vbn	ылады	7
vbn	ылу	7
vbn	ысып	7
vbr	маймын	7
vbr	мен	7
vbr	мыз	7
vbr	сың	7
vbr	ылмай	7
vbr	ылмайды	7
vbr	ылмаған	7
vbr	ымның	7
vbr	ына	7
vbr	ыну	7
vbr	ысқан	7
vbr	ғы	7
vbr	ғызып	7
vbt	тырмай	7
vbt	шы	7
vbt	ылса	7
vbt	ысты	7
vbt	ың	7
vbv	лық	7
vbv	майсың	7
vbv	мның	7
vbv	мға	7
vbv	тамыз	7
vbv	тамын	7
vbv	ушылардың	7
vbz	дыр	7
vbz	сақ	7
vbz	ушылар	7
vbz	ынып	7
vbz	ың	7
vbz	ға	7
vbz	ғы	7
vfn	дің	7
vfn	сең	7
vfn	те	7
vfn	ушілер	7
vfn	ім	7
vfn	іскен	7
vfr	ге	7
vfr	гі	7
vfr	дік	7
vfr	ем	7
vfr	еміз	7
vfr	ілмей	7
vft	те	7
vft	тер	7
vft	тіреді	7
vft	тіретін	7
vft	імнің	7
vfv	гінен	7
vfv	гіңді	7
vfv	леу	7
vfv	мге	7
vfv	меймін	7
vfv	сек	7
vfz	гі	7
vfz	мек	7
vfz	месе	7
vfz	те	7
vfz	імнен	7
vfz	ісу	7
vfz	ісіп	7
nbn	атын	6
nbn	даулары	6
nbn	даулы	6
nbn	дағысы	6
nbn	дықтардың	6
nbn	дықтарын	6
nbn	ді	6
nbn	ларды	6
nbn	ларның	6
nbn	сыздықты	6
nbn	ты	6
nbn	тын	6
nbn	у	6
nbn	шылары	6
nbn	шылықтың	6
nbn	шысы	6
nbn	ымыздан	6
nbn	ыстың	6
nbn	ыңмен	6
nbn	ғыда	6
nbn	қа	6
nbn	ңды	6
nbr	лауда	6
nbr	сыны	6
nbr	тай	6
nbr	тар	6
nbr	шадан	6
nbr	шалы	6
nbr	шыларына	6
nbr	шылықты	6
nbr	шылықтың	6
nbr	шысына	6
nbr	ысу	6
nbr	ысқан	6
nbr	ғыз	6
nbt	дан	6
nbt	лау	6
nbt	сыздан	6
nbt	сыздықтың	6
nbt	тарымызды	6
nbt	таушылардың	6
nbt	таушының	6
nbt	тей	6
nbt	терге	6
nbt	тыр	6
nbt	тырылған	6
nbt	тықтарға	6
nbt	шаң	6
nbt	шыларын	6
nbt	шылықты	6
nbt	шылықтың	6
nbt	ылу	6
nbt	ылын	6
nbt	ыммен	6
nbt	ыну	6
nbt	ысты	6
nbt	ыңызда	6
nbv	бадан	6
nbv	бамыз	6
nbv	басына	6
nbv	баға	6
nbv	дайдан	6
nbv	дық	6
nbv	ді	6
nbv	ймыз	6
nbv	ларым	6
nbv	лер	6
nbv	лылығын	6
nbv	лында	6
nbv	лыға	6
nbv	лықтағы	6
nbv	матын	6
nbv	патын	6
nbv	рақты	6
nbv	сам	6
nbv	тырды	6
nbv	ушы	6
nbv	ушылық	6
nbv	шасы	6
nbv	шылары	6
nbv	шылығын	6
nbv	шысы	6
nbv	ғасың	6
nbv	ғымызға	6
nbv	ғыға	6
nbv	ңызда	6
nbv	ңыздың	6
nbz	адым	6
nbz	ба	6
nbz	басы	6
nbz	дарым	6
nbz	даудан	6
nbz	даудың	6
nbz	дықтардың	6
nbz	ді	6
nbz	лар	6
nbz	лары	6
nbz	май	6
nbz	сыздау	6
nbz	ымға	6
nbz	ынып	6
nbz	ғын	6
nfn	дегідей	6
nfn	дерің	6
nfn	деулер	6
nfn	деумен	6
nfn	дікпен	6
nfn	шесі	6
nfn	шілері	6
nfn	шіліктің	6
nfn	шісі	6
nfn	іні	6
nfn	іңде	6
nfn	іңнің	6
nfr	еді	6
nfr	лерім	6
nfr	лігінің	6
nfr	сін	6
nfr	те	6
nfr	тім	6
nfr	шілерге	6
nfr	іс	6
nfr	іңде	6
nft	гі	6
nft	еді	6
nft	мен	6
nft	пе	6
nft	теріміз	6
nft	теуде	6
nft	тін	6
nft	імізге	6
nft	ініп	6
nft	іс	6
nft	іңде	6
nft	іңіз	6
nfv	гіміз	6
nfv	гіндегі	6
nfv	гіні	6
nfv	ларға	6
nfv	лерім	6
nfv	мей	6
nfv	меті	6
nfv	рекке	6
nfv	тім	6
nfv	шелі	6
nfv	шінің	6
nfv	ңізге	6
nfz	бенен	6
nfz	гіні	6
nfz	деудің	6
nfz	деуші	6
nfz	еді	6
nfz	ек	6
nfz	мін	6
nfz	імге	6
nfz	імізде	6
nfz	іні	6
nfz	іңмен	6
vbn	дағы	6
vbn	дырыл	6
vbn	дырылатын	6
vbn	ылмаған	6
vbn	ыстың	6
vbn	ысын	6
vbr	майсың	6
vbr	мын	6
vbr	ылмайтын	6
vbr	ылса	6
vbr	ымын	6
vbr	ында	6
vbr	ынған	6
vbr	ыңыз	6
vbt	амыз	6
vbt	аң	6
vbt	тар	6
vbt	ушылардың	6
vbt	ымсыз	6
vbt	ыңыз	6
vbv	мадым	6
vbv	масам	6
vbv	сының	6
vbz	байды	6
vbz	сам	6
vbz	та	6
vbz	ушылық	6
vbz	ысқан	6
vbz	ыға	6
vfn	гісі	6
vfn	дік	6
vfn	дірсе	6
vfn	і	6
vfr	сем	6
vfr	усіз	6
vfr	ушілердің	6
vfr	інді	6
vft	кіз	6
vft	кізу	6
vft	педім	6
vft	пеймін	6
vft	пен	6
vft	ші	6
vft	ілмейді	6
vft	інін	6
vft	інің	6
vft	ісіп	6
vfv	гімді	6
vfv	гімен	6
vfv	гінде	6
vfv	гісі	6
vfv	ке	6
vfv	лік	6
vfv	месе	6
vfv	мнен	6
vfv	ні	6
vfv	тейін	6
vfv	ті	6
vfv	ушісі	6
vfz	дір	6
vfz	дірді	6
vfz	дірмей	6
vfz	емін	6
vfz	ме	6
vfz	сек	6
vfz	ші	6
vfz	іледі	6
vfz	ілетін	6
vfz	ілу	6
vfz	інбеген	6
nbn	ба	5
nbn	дарымыз	5
nbn	дарымыздың	5
nbn	дауын	5
nbn	дағыдай	5
nbn	ларының	5
nbn	м	5
nbn	мды	5
nbn	тайдың	5
nbn	шасы	5
nbn	шаға	5
nbn	шыдан	5
nbn	шыларды	5
nbn	шылығы	5
nbn	ылтыр	5
nbn	ыммен	5
nbn	ымыздың	5
nbn	ғының	5
nbr	аң	5
nbr	басы	5
nbr	баға	5
nbr	ларындағы	5
nbr	лер	5
nbr	лылығын	5
nbr	лылығына	5
nbr	лығым	5
nbr	тан	5
nbr	тасың	5
nbr	шыдай	5
nbr	шым	5
nbr	шысының	5
nbr	ыбын	5
nbr	ыдан	5
nbr	ындық	5
nbr	ыстың	5
nbr	ыңда	5
nbr	ыңызға	5
nbr	ғын	5
nbt	баны	5
nbt	ларын	5
nbt	сыздықпен	5
nbt	таймыз	5
nbt	тарыма	5
nbt	таусыз	5
nbt	таушылық	5
nbt	тауына	5
nbt	тегі	5
nbt	тымыз	5
nbt	тырады	5
nbt	тырды	5
nbt	шадан	5
nbt	шалардың	5
nbt	шаларының	5
nbt	шалы	5
nbt	шаны	5
nbt	шыларына	5
nbt	ылдың	5
nbt	ынған	5
nbt	ыңыздан	5
nbt	ыңызды	5
nbv	бам	5
nbv	бау	5
nbv	ден	5
nbv	йдым	5
nbv	йдық	5
nbv	ларымыздың	5
nbv	лаудағы	5
nbv	лаулар	5
nbv	лауына	5
nbv	лырақ	5
nbv	лысы	5
nbv	лығым	5
nbv	лықтарына	5
nbv	лықтарынан	5
nbv	лыңа	5
nbv	сыздар	5
nbv	сыздықтың	5
nbv	сымын	5
nbv	тайын	5
nbv	тағы	5
nbv	тырдың	5
nbv	тық	5
nbv	шаны	5
nbv	шаның	5
nbv	шағын	5
nbv	шылығы	5
nbv	шылықпен	5
nbv	шымды	5
nbv	шың	5
nbv	ы	5
nbv	ын	5
nbv	ғасыз	5
nbv	ғымда	5
nbv	ғымнан	5
nbv	ғымға	5
nbv	ғысы	5
nbv	ғыңнан	5
nbv	ңсыз	5
nbz	аң	5
nbz	даймын	5
nbz	даушылар	5
nbz	дауына	5
nbz	дым	5
nbz	дің	5
nbz	еді	5
nbz	ма	5
nbz	паң	5
nbz	сын	5
nbz	сың	5
nbz	тым	5
nbz	тыр	5
nbz	шылардың	5
nbz	ымда	5
nbz	ымызға	5
nbz	і	5
nfn	бе	5
nfn	ген	5
nfn	гінің	5
nfn	гісі	5
nfn	гісін	5
nfn	дікі	5
nfn	лерге	5
nfn	лерін	5
nfn	сіздіктің	5
nfn	сің	5
nfn	тік	5
nfn	у	5
nfn	шелер	5
nfn	шіден	5
nfn	шілерге	5
nfn	шілігі	5
nfn	шілікпен	5
nfn	шілікті	5
nfn	іден	5
nfn	іл	5
nfn	імізде	5
nfn	істі	5
nfn	істік	5
nfn	істің	5
nfn	іңмен	5
nfn	іңізді	5
nfr	ек	5
nfr	леудің	5
nfr	ліктері	5
nfr	лілігі	5
nfr	лім	5
nfr	се	5
nfr	сіздеу	5
nfr	тің	5
nfr	шілерді	5
nfr	шілері	5
nfr	шілерінің	5
nfr	шілікті	5
nfr	імізге	5
nfr	імін	5
nfr	іптің	5
nfr	ірек	5
nft	ек	5
nft	етін	5
nft	лік	5
nft	сіздікті	5
nft	сінің	5
nft	теуден	5
nft	теушілік	5
nft	тіктерді	5
nft	шеден	5
nft	шелі	5
nft	шені	5
nft	шесін	5
nft	шіден	5
nft	шілігі	5
nft	шілікпен	5
nft	імге	5
nft	іміздің	5
nft	інін	5
nft	іпті	5
nft	іңмен	5
nfv	гімнің	5
nfv	гімізді	5
nfv	дейін	5
nfv	дік	5
nfv	йсіз	5
nfv	йсің	5
nfv	ларын	5
nfv	ларына	5
nfv	леуден	5
nfv	леушілердің	5
nfv	ліктерге	5
nfv	лілігін	5
nfv	лімен	5
nfv	лірек	5
nfv	лің	5
nfv	мек	5
nfv	ншіден	5
nfv	ншінің	5
nfv	ншісінің	5
nfv	німіз	5
nfv	птік	5
nfv	сынан	5
nfv	сімін	5
nfv	тер	5
nfv	тір	5
nfv	шеге	5
nfv	шегін	5
nfv	шеден	5
nfv	шенің	5
nfv	ңдегі	5
nfv	ңке	5
nfv	ңмен	5
nfv	ңізді	5
nfv	ңін	5
nfz	бек	5
nfz	гіден	5
nfz	деймін	5
nfz	деріңіз	5
nfz	деуде	5
nfz	деуден	5
nfz	деуін	5
nfz	діктер	5
nfz	лері	5
nfz	ме	5
nfz	сіздік	5
nfz	іден	5
nfz	іл	5
nfz	імізден	5
nfz	імін	5
nfz	ірек	5
nfz	іңізге	5
nfz	іңізден	5
nfz	іңіздің	5
vbn	бау	5
vbn	дырмай	5
vbn	ушылардың	5
vbn	ушыны	5
vbn	ша	5
vbn	ылмайтын	5
vbn	ылып	5
vbn	ылған	5
vbr	ақ	5
vbr	масаң	5
vbr	усыз	5
vbr	ушысы	5
vbr	ушыға	5
vbr	ылыс	5
vbr	ымға	5
vbr	ынады	5
vbr	ының	5
vbr	ғызды	5
vbr	ғызған	5
vbr	ғын	5
vbr	ғышы	5
vbt	асың	5
vbt	падым	5
vbt	падың	5
vbt	пасақ	5
vbt	та	5
vbt	тау	5
vbt	тырамыз	5
vbt	тырылатын	5
vbt	тырылды	5
vbt	тырылып	5
vbt	усыз	5
vbt	ушыға	5
vbt	ылмайды	5
vbt	ылмайтын	5
vbt	ыма	5
vbt	ындағы	5
vbt	ысын	5
vbt	ысқан	5
vbv	йсыз	5
vbv	лау	5
vbv	мадық	5
vbv	маймыз	5
vbv	ндағы	5
vbv	ның	5
vbv	сынан	5
vbv	ушыларға	5
vbv	ушылыққа	5
vbv	ғында	5
vbv	ғының	5
vbv	ғырақ	5
vbv	ңды	5
vbz	асың	5
vbz	дырды	5
vbz	саң	5
vbz	ушылардың	5
vbz	ынады	5
vbz	ынатын	5
vbz	ыну	5
vfn	бесе	5
vfn	беу	5
vfn	діріледі	5
vfn	діріліп	5
vfn	емін	5
vfn	сем	5
vfn	імді	5
vfn	імнің	5
vfn	ісу	5
vfr	гім	5
vfr	ден	5
vfr	меймін	5
vfr	іл	5
vfr	ін	5
vfr	іскен	5
vfr	ісу	5
vft	еміз	5
vft	тірілген	5
vft	усіз	5
vft	іге	5
vft	ілсе	5
vft	імен	5
vft	іс	5
vft	ісін	5
vft	ің	5
vfv	мдегі	5
vfv	мейсің	5
vfv	мен	5
vfv	месіз	5
vfv	міз	5
vfv	темін	5
vfv	ушілердің	5
vfv	ушінің	5
vfz	беген	5
vfz	бейді	5
vfz	бейтін	5
vfz	беу	5
vfz	гісі	5
vfz	діретін	5
vfz	меу	5
vfz	ушілер	5
vfz	ілді	5
vfz	імсіз	5
vfz	інбейтін	5
vfz	іне	5
nbn	балық	4
nbn	дайда	4
nbn	даушылар	4
nbn	дауына	4
nbn	дағысын	4
nbn	дер	4
nbn	дықтарды	4
nbn	дықтарына	4
nbn	дықтарының	4
nbn	лардан	4
nbn	лау	4
nbn	лы	4
nbn	тайды	4
nbn	тар	4
nbn	тау	4
nbn	тағы	4
nbn	шаның	4
nbn	шағы	4
nbn	шыдай	4
nbn	шылықты	4
nbn	шысын	4
nbn	ылды	4
nbn	ылып	4
nbn	ылған	4
nbn	ыссыз	4
nbn	ғылар	4
nbn	ғысын	4
nbr	адым	4
nbr	бада	4
nbr	бадай	4
nbr	бадан	4
nbr	бадағы	4
nbr	байды	4
nbr	бамен	4
nbr	баның	4
nbr	басын	4
nbr	бақ	4
nbr	дары	4
nbr	дарға	4
nbr	дық	4
nbr	дікі	4
nbr	дің	4
nbr	лауын	4
nbr	лауынан	4
nbr	лымын	4
nbr	лысын	4
nbr	лыға	4
nbr	лығың	4
nbr	лықтай	4
nbr	лықтарды	4
nbr	лың	4
nbr	пақ	4
nbr	сына	4
nbr	сының	4
nbr	тамыз	4
nbr	тамын	4
nbr	тау	4
nbr	тым	4
nbr	шалары	4
nbr	шалау	4
nbr	шамен	4
nbr	шағы	4
nbr	шыда	4
nbr	шылармен	4
nbr	шыларын	4
nbr	шыларынан	4
nbr	шылықпен	4
nbr	шылықтан	4
nbr	шысынан	4
nbr	ылатын	4
nbr	ылын	4
nbr	ымдағы	4
nbr	ғыға	4
nbt	ам	4
nbt	басы	4
nbt	ды	4
nbt	ларыны	4
nbt	ларының	4
nbt	ма	4
nbt	на	4
nbt	сыздың	4
nbt	тайынан	4
nbt	тарымның	4
nbt	тарыңыз	4
nbt	таулар	4
nbt	тағысы	4
nbt	терде	4
nbt	терден	4
nbt	тырылып	4
nbt	тырған	4
nbt	тысың	4
nbt	тықтардың	4
nbt	тікі	4
nbt	шалау	4
nbt	шыдай	4
nbt	шылығы	4
nbt	шымын	4
nbt	шысына	4
nbt	шысының	4
nbt	ымыздағы	4
nbt	ымын	4
nbt	ымға	4
nbt	ынса	4
nbt	ыстың	4
nbt	ысың	4
nbt	ыңдағы	4
nbt	ім	4
nbt	імен	4
nbv	бада	4
nbv	балардың	4
nbv	баларының	4
nbv	бағын	4
nbv	бағың	4
nbv	дағыдай	4
nbv	дағылар	4
nbv	ке	4
nbv	ларымды	4
nbv	ларымыз	4
nbv	ларыңа	4
nbv	лаушылардың	4
nbv	лаушыны	4
nbv	лаушының	4
nbv	лауымен	4
nbv	лердің	4
nbv	лыдан	4
nbv	лылығына	4
nbv	лыма	4
nbv	лымнан	4
nbv	лымын	4
nbv	лыны	4
nbv	лығындағы	4
nbv	лығыңды	4
nbv	лықтай	4
nbv	лықтарындағы	4
nbv	лықтық	4
nbv	лыңнан	4
nbv	намын	4
nbv	насыз	4
nbv	насың	4
nbv	ншылар	4
nbv	ншылық	4
nbv	ншысы	4
nbv	нысың	4
nbv	нікі	4
nbv	паты	4
nbv	птым	4
nbv	рақтың	4
nbv	сыздау	4
nbv	сыздықты	4
nbv	сымыз	4
nbv	тамын	4
nbv	тасыз	4
nbv	тағын	4
nbv	тымыз	4
nbv	шыларының	4
nbv	шыларға	4
nbv	шылығының	4
nbv	шылыққа	4
nbv	шынан	4
nbv	ым	4
nbv	ына	4
nbv	ып	4
nbv	і	4
nbv	ғамыз	4
nbv	ғылы	4
nbv	ғылық	4
nbv	ғымдағы	4
nbv	ғысынан	4
nbv	ғыңда	4
nbv	ңмын	4
nbz	дарың	4
nbz	даумен	4
nbz	даушысы	4
nbz	даушыға	4
nbz	де	4
nbz	дырады	4
nbz	лы	4
nbz	мыз	4
nbz	ның	4
nbz	сы	4
nbz	ты	4
nbz	тырақ	4
nbz	шаның	4
nbz	шылары	4
nbz	шыларға	4
nbz	шыны	4
nbz	шысы	4
nbz	ыммен	4
nbz	ымыздан	4
nbz	ымызды	4
nbz	ынады	4
nbz	ынса	4
nbz	ынын	4
nbz	ыпты	4
nbz	ысың	4
nbz	ыңда	4
nbz	ыңмен	4
nbz	ыңның	4
nbz	қан	4
nfn	гіге	4
nfn	дейін	4
nfn	деріміз	4
nfn	деуден	4
nfn	деусіз	4
nfn	деуімен	4
nfn	деуін	4
nfn	діктердің	4
nfn	сіздікпен	4
nfn	сіздікті	4
nfn	шенің	4
nfn	шіні	4
nfn	іке	4
nfn	іммен	4
nfn	імізге	4
nfn	інді	4
nfn	іссіз	4
nfn	іңізге	4
nfr	леріндегі	4
nfr	леуде	4
nfr	лісі	4
nfr	не	4
nfr	шіліктің	4
nfr	імнен	4
nfr	іпті	4
nfr	іптік	4
nft	ден	4
nft	ем	4
nft	пек	4
nft	се	4
nft	сізден	4
nft	сіне	4
nft	тегілер	4
nft	теріңе	4
nft	теріңнен	4
nft	теріңіз	4
nft	теудегі	4
nft	тіктердің	4
nft	тіктерінде	4
nft	тіктерінің	4
nft	тіріп	4
nft	шілерді	4
nft	шілермен	4
nft	шілеріне	4
nft	шіліктің	4
nft	ілдің	4
nft	іліп	4
nft	інеді	4
nft	інсіз	4
nft	іңізді	4
nfv	гіз	4
nfv	гіме	4
nfv	гірек	4
nfv	гісін	4
nfv	гіңде	4
nfv	гіңнің	4
nfv	дегілер	4
nfv	дейді	4
nfv	кенсіз	4
nfv	лернің	4
nfv	леуін	4
nfv	лігім	4
nfv	лігіндегі	4
nfv	ліні	4
nfv	ліңді	4
nfv	ліңнің	4
nfv	мдегі	4
nfv	немін	4
nfv	ншісіне	4
nfv	нікін	4
nfv	ректік	4
nfv	сымен	4
nfv	те	4
nfv	тей	4
nfv	тен	4
nfv	тесің	4
nfv	тік	4
nfv	шегі	4
nfv	шені	4
nfv	шесін	4
nfv	шілерді	4
nfv	шілері	4
nfv	шіліктің	4
nfv	шіне	4
nfv	шіні	4
nfz	беу	4
nfz	гіде	4
nfz	гідей	4
nfz	деріңді	4
nfz	деріңе	4
nfz	деріңмен	4
nfz	діктерді	4
nfz	дікі	4
nfz	дір	4
nfz	етін	4
nfz	ке	4
nfz	лернің	4
nfz	леріні	4
nfz	сіздеу	4
nfz	шінің	4
nfz	ісің	4
nfz	іңізде	4
vbn		4
vbn	амын	4
vbn	асың	4
vbn	дырылады	4
vbn	дырылып	4
vbn	ылды	4
vbn	ымның	4
vbn	ысу	4
vbn	ысқан	4
vbn	ғысы	4
vbr	дырып	4
vbr	лар	4
vbr	лау	4
vbr	лы	4
vbr	ушыларды	4
vbr	ушылары	4
vbr	ушымен	4
vbr	ушыны	4
vbr	шылық	4
vbr	ысатын	4
vbr	ыстыру	4
vbr	ысын	4
vbr	ғыз	4
vbr	ғызылған	4
vbt	тай	4
vbt	тырыл	4
vbt	ушының	4
vbt	ылыпты	4
vbt	ылыс	4
vbt	ымда	4
vbt	ыпсыз	4
vbt	ыпсың	4
vbv	йсыңдар	4
vbv	лысымен	4
vbv	мадың	4
vbv	намыз	4
vbv	намын	4
vbv	насың	4
vbv	сымен	4
vbv	тым	4
vbv	ушыларды	4
vbv	ушылықты	4
vbv	ушысы	4
vbv	ыс	4
vbv	ысып	4
vbv	ғышы	4
vbv	ңнан	4
vbv	ңға	4
vbz	байтын	4
vbz	дырады	4
vbz	мапты	4
vbz	ушыларды	4
vbz	ушының	4
vbz	ыма	4
vbz	ысады	4
vbz	ыстық	4
vfn	беймін	4
vfn	дірілді	4
vfn	дірілетін	4
vfn	дірілу	4
vfn	есің	4
vfn	усіз	4
vfn	ушілерге	4
vfr	сек	4
vfr	шін	4
vfr	ілсе	4
vfr	ініп	4
vfr	істі	4
vfr	ің	4
vft	емін	4
vft	кізді	4
vft	педің	4
vft	песем	4
vft	песең	4
vft	пін	4
vft	теу	4
vft	тіктен	4
vft	тірілді	4
vft	тіріледі	4
vft	імсіз	4
vft	індегі	4
vft	іну	4
vfv	гіндегі	4
vfv	нен	4
vfv	нің	4
vfv	сіне	4
vfv	сің	4
vfv	термін	4
vfv	ші	4
vfv	ңді	4
vfv	ңе	4
vfz	бесе	4
vfz	дірген	4
vfz	дірдім	4
vfz	дірме	4
vfz	дірілген	4
vfz	ек	4
vfz	еміз	4
vfz	меймін	4
vfz	мейсің	4
vfz	ілмеген	4
vfz	ілмей	4
vfz	ілсе	4
vfz	іммен	4
vfz	інбейді	4
vfz	інсе	4
vfz	іпсің	4
vfz	іскен	4
nbn	адым	3
nbn	адық	3
nbn	ге	3
nbn	дармыз	3
nbn	дарым	3
nbn	дарымызға	3
nbn	дарыңа	3
nbn	дарыңды	3
nbn	даудағы	3
nbn	даулар	3
nbn	даусыз	3
nbn	даушылардың	3
nbn	даушының	3
nbn	дағылар	3
nbn	дерді	3
nbn	дыр	3
nbn	ларыны	3
nbn	ларыға	3
nbn	лығы	3
nbn	пақ	3
nbn	сызда	3
nbn	сына	3
nbn	та	3
nbn	тайдан	3
nbn	тайға	3
nbn	тардағы	3
nbn	тағына	3
nbn	шадан	3
nbn	шалары	3
nbn	шасын	3
nbn	шағына	3
nbn	шыларға	3
nbn	шылығына	3
nbn	шылықта	3
nbn	шылықтан	3
nbn	шымен	3
nbn	шырақ	3
nbn	ыда	3
nbn	ыл	3
nbn	ылатын	3
nbn	ымын	3
nbn	ынын	3
nbn	ырақта	3
nbn	ыраққа	3
nbn	ыңызды	3
nbn	ыңызға	3
nbn	ғыдай	3
nbn	ғыларды	3
nbn	ғысы	3
nbn	ғыға	3
nbn	ңнан	3
nbr	адың	3
nbr	ам	3
nbr	балық	3
nbr	баны	3
nbr	басының	3
nbr	ге	3
nbr	дардың	3
nbr	дағыдай	3
nbr	ден	3
nbr	ларыны	3
nbr	лаудан	3
nbr	лаудағы	3
nbr	лаулы	3
nbr	лаусыз	3
nbr	лыда	3
nbr	лылар	3
nbr	лыны	3
nbr	лысына	3
nbr	лығыңды	3
nbr	паң	3
nbr	рақ	3
nbr	раққа	3
nbr	сызда	3
nbr	сыздан	3
nbr	сызды	3
nbr	сыздықты	3
nbr	сында	3
nbr	сыға	3
nbr	тайдың	3
nbr	тайын	3
nbr	тарсың	3
nbr	тарға	3
nbr	шаларды	3
nbr	шаларының	3
nbr	шалық	3
nbr	шам	3
nbr	шасындағы	3
nbr	шағына	3
nbr	шылардан	3
nbr	шысыз	3
nbr	шысын	3
nbr	ылмаған	3
nbr	ылу	3
nbr	ымызда	3
nbr	ыпсыз	3
nbr	ыптық	3
nbr	ыптың	3
nbr	ысады	3
nbr	ыссыз	3
nbr	ысың	3
nbr	ыңмен	3
nbr	қыз	3
nbt	амыз	3
nbt	байды	3
nbt	баның	3
nbt	басын	3
nbt	басының	3
nbt	дай	3
nbt	дардың	3
nbt	ларның	3
nbt	лығын	3
nbt	мен	3
nbt	пақ	3
nbt	сам	3
nbt	сыздар	3
nbt	сыздықтан	3
nbt	сіз	3
nbt	тармын	3
nbt	тарынсыз	3
nbt	тарыңа	3
nbt	тарыңның	3
nbt	тарыңызды	3
nbt	таудағы	3
nbt	таушыға	3
nbt	тауымен	3
nbt	тағылардың	3
nbt	тердегі	3
nbt	теріне	3
nbt	тырылады	3
nbt	тырылу	3
nbt	тықтарда	3
nbt	тықтарының	3
nbt	тықтағы	3
nbt	ум	3
nbt	шада	3
nbt	шалардан	3
nbt	шаларды	3
nbt	шасының	3
nbt	ше	3
nbt	шыдан	3
nbt	шылармен	3
nbt	шыларының	3
nbt	шылығымен	3
nbt	шылығын	3
nbt	шылықта	3
nbt	шылықтан	3
nbt	шын	3
nbt	ыдағы	3
nbt	ылады	3
nbt	ынбаған	3
nbt	ындыру	3
nbt	ындырып	3
nbt	ырақты	3
nbt	ысу	3
nbt	ыта	3
nbt	ыңдан	3
nbt	іл	3
nbt	інде	3
nbt	ің	3
nbt	ған	3
nbt	ғы	3
nbv	бадай	3
nbv	балары	3
nbv	баларым	3
nbv	балау	3
nbv	балаушылар	3
nbv	бамын	3
nbv	басынан	3
nbv	басының	3
nbv	бата	3
nbv	бағының	3
nbv	баң	3
nbv	ге	3
nbv	дайда	3
nbv	дайы	3
nbv	дары	3
nbv	дарым	3
nbv	дағылардың	3
nbv	дағына	3
nbv	йсыңдар	3
nbv	ларымызды	3
nbv	ларыңда	3
nbv	лаулардың	3
nbv	лауларын	3
nbv	лауларына	3
nbv	лаулы	3
nbv	лауында	3
nbv	лауындағы	3
nbv	лерді	3
nbv	лылары	3
nbv	лылыққа	3
nbv	лысымен	3
nbv	лықтарда	3
nbv	лықтардан	3
nbv	лықтармен	3
nbv	лықтарымен	3
nbv	лықтарында	3
nbv	лықшы	3
nbv	маты	3
nbv	мта	3
nbv	мызның	3
nbv	набын	3
nbv	намыз	3
nbv	ншының	3
nbv	рақта	3
nbv	рақтан	3
nbv	рақтарын	3
nbv	рақы	3
nbv	сасың	3
nbv	сыда	3
nbv	сыдан	3
nbv	сыздан	3
nbv	тайды	3
nbv	тайы	3
nbv	тамыз	3
nbv	тарда	3
nbv	тардан	3
nbv	тарға	3
nbv	тасың	3
nbv	таудың	3
nbv	тауы	3
nbv	тағынан	3
nbv	тырсың	3
nbv	ті	3
nbv	усың	3
nbv	шалары	3
nbv	шылығына	3
nbv	шылықта	3
nbv	шылықтар	3
nbv	шылықтары	3
nbv	шыма	3
nbv	шымен	3
nbv	шымнан	3
nbv	шығым	3
nbv	шығын	3
nbv	шығынан	3
nbv	шыңа	3
nbv	шыңды	3
nbv	ының	3
nbv	ін	3
nbv	ғыдан	3
nbv	ғызды	3
nbv	ғыздық	3
nbv	ғыздың	3
nbv	ғызын	3
nbv	ғылардың	3
nbv	ғылары	3
nbv	ғыларын	3
nbv	ғыммен	3
nbv	ғымызда	3
nbv	ғысын	3
nbv	ғысында	3
nbv	ғыңның	3
nbv	ғыңыз	3
nbz	бақ	3
nbz	ге	3
nbz	даймыз	3
nbz	дарыңа	3
nbz	дарыңды	3
nbz	дарыңыз	3
nbz	даулар	3
nbz	дауларды	3
nbz	даушыдан	3
nbz	даушылық	3
nbz	дауын	3
nbz	дауында	3
nbz	дағыңды	3
nbz	дырақ	3
nbz	дықтарды	3
nbz	дықтарын	3
nbz	ларым	3
nbz	лық	3
nbz	лықлар	3
nbz	майды	3
nbz	пақ	3
nbz	са	3
nbz	сыздыққа	3
nbz	та	3
nbz	тын	3
nbz	тырын	3
nbz	тық	3
nbz	тың	3
nbz	усыз	3
nbz	шаны	3
nbz	шыдан	3
nbz	шылығы	3
nbz	шылыққа	3
nbz	шыға	3
nbz	ыда	3
nbz	ыдан	3
nbz	ымыздағы	3
nbz	ынамын	3
nbz	ынба	3
nbz	ындым	3
nbz	ынсыз	3
nbz	ыну	3
nbz	ынған	3
nbz	ыстың	3
nbz	ысын	3
nbz	ыта	3
nbz	ыңыздың	3
nbz	ғылы	3
nbz	ғының	3
nbz	қа	3
nfn	гілердің	3
nfn	деймін	3
nfn	дейсің	3
nfn	деушіге	3
nfn	деушілер	3
nfn	деуіне	3
nfn	деуінің	3
nfn	діктер	3
nfn	діктерді	3
nfn	діктерін	3
nfn	діктеріне	3
nfn	діктерінің	3
nfn	дір	3
nfn	сек	3
nfn	сізден	3
nfn	сіздер	3
nfn	сіздің	3
nfn	ті	3
nfn	шеге	3
nfn	шіге	3
nfn	шілерді	3
nfn	шілігін	3
nfn	шілігінің	3
nfn	іңіздің	3
nfr	бесі	3
nfr	ген	3
nfr	гілі	3
nfr	леріңе	3
nfr	леріңіз	3
nfr	леуден	3
nfr	леушілік	3
nfr	леуі	3
nfr	ліксіз	3
nfr	ліктермен	3
nfr	лілеу	3
nfr	лілігін	3
nfr	ліні	3
nfr	пін	3
nfr	сі	3
nfr	теуі	3
nfr	тік	3
nfr	шілігі	3
nfr	шілігін	3
nfr	шілікте	3
nfr	шіліктен	3
nfr	шісі	3
nfr	іде	3
nfr	іммен	3
nfr	імсіз	3
nfr	іңмін	3
nfr	іңізде	3
nfr	іңізден	3
nft	гің	3
nft	де	3
nft	есіз	3
nft	лернің	3
nft	сіздер	3
nft	сіздіктер	3
nft	сізі	3
nft	тегісін	3
nft	теймін	3
nft	темін	3
nft	терсіз	3
nft	теріңнің	3
nft	теулердің	3
nft	теушілер	3
nft	тіктерде	3
nft	тіктері	3
nft	тіктерін	3
nft	тікі	3
nft	тіріліп	3
nft	шелермен	3
nft	шелігі	3
nft	шелік	3
nft	шілерін	3
nft	шілерінің	3
nft	шілігін	3
nft	шілікті	3
nft	ідегі	3
nft	ілдік	3
nft	імізде	3
nft	інген	3
nft	індегілерге	3
nft	індік	3
nft	іну	3
nft	ірекке	3
nft	ісіз	3
nft	іңдегі	3
nfv	бегін	3
nfv	бен	3
nfv	гіде	3
nfv	гізді	3
nfv	гісінен	3
nfv	дейдің	3
nfv	деймін	3
nfv	дейі	3
nfv	дір	3
nfv	лардан	3
nfv	лармен	3
nfv	ларының	3
nfv	лермін	3
nfv	лерімнің	3
nfv	леріні	3
nfv	леріңді	3
nfv	леуде	3
nfv	леудегі	3
nfv	леулер	3
nfv	ліктегі	3
nfv	ліктей	3
nfv	ліктермен	3
nfv	ліктеріне	3
nfv	ліктерінің	3
nfv	лілігіне	3
nfv	лілікке	3
nfv	лілікті	3
nfv	лінде	3
nfv	ліңе	3
nfv	мсіз	3
nfv	неміз	3
nfv	ншілер	3
nfv	ншісін	3
nfv	ншісінде	3
nfv	німін	3
nfv	пін	3
nfv	рексіз	3
nfv	ректер	3
nfv	сең	3
nfv	сіде	3
nfv	сіздеу	3
nfv	тейін	3
nfv	шелер	3
nfv	шелері	3
nfv	шелік	3
nfv	шем	3
nfv	шесінің	3
nfv	шілерге	3
nfv	шілікке	3
nfv	шінде	3
nfv	шің	3
nfv	шіңіз	3
nfv	ім	3
nfv	ін	3
nfv	інің	3
nfv	ңізде	3
nfv	ңізден	3
nfz	гіге	3
nfz	гілерден	3
nfz	гілік	3
nfz	гілікке	3
nfz	дегісі	3
nfz	дейсің	3
nfz	деріңнен	3
nfz	деумен	3
nfz	деушілердің	3
nfz	дірек	3
nfz	лерден	3
nfz	лерді	3
nfz	лерінің	3
nfz	пек	3
nfz	сі	3
nfz	сіздікке	3
nfz	тін	3
nfz	шең	3
nfz	шілікке	3
nfz	ілді	3
nfz	імдегі	3
nfz	імсіз	3
nfz	імсің	3
nfz	імізнің	3
nfz	інді	3
nfz	іптің	3
nfz	іскен	3
nfz	іңден	3
vbn	баймын	3
vbn	балы	3
vbn	басаң	3
vbn	басын	3
vbn	баушы	3
vbn	дырылмаған	3
vbn	та	3
vbn	ушыда	3
vbn	ушыларға	3
vbn	ушылығы	3
vbn	ушылыққа	3
vbn	шы	3
vbn	ыл	3
vbn	ымды	3
vbn	ыссыз	3
vbn	ыстыру	3
vbn	ыстық	3
vbn	ыта	3
vbr	асыз	3
vbr	дан	3
vbr	лық	3
vbr	м	3
vbr	сыз	3
vbr	ушыдан	3
vbr	ушыларға	3
vbr	шылардың	3
vbr	ылысып	3
vbr	ындым	3
vbr	ыны	3
vbr	ыппын	3
vbr	ысады	3
vbr	ыспақ	3
vbr	ыссыз	3
vbr	ыстық	3
vbr	ғызатын	3
vbr	ғымен	3
vbr	ғының	3
vbt	ақ	3
vbt	ды	3
vbt	папты	3
vbt	пасам	3
vbt	сақ	3
vbt	сыз	3
vbt	тырма	3
vbt	тырмайтын	3
vbt	тырса	3
vbt	тырылмаған	3
vbt	тырылса	3
vbt	тықтың	3
vbt	тыққа	3
vbt	ушылардан	3
vbt	ушыларды	3
vbt	ушылары	3
vbt	ушысы	3
vbt	ыда	3
vbt	ыдан	3
vbt	ылма	3
vbt	ылмады	3
vbt	ымын	3
vbt	ыну	3
vbt	ынын	3
vbt	ынған	3
vbt	ыға	3
vbt	қанмын	3
vbt	қызды	3
vbv	да	3
vbv	ларсың	3
vbv	лына	3
vbv	лысы	3
vbv	майсыз	3
vbv	мапты	3
vbv	масыз	3
vbv	ншылық	3
vbv	ншылықты	3
vbv	рақ	3
vbv	самыз	3
vbv	сында	3
vbv	тың	3
vbv	ын	3
vbv	ғымен	3
vbv	ғың	3
vbv	ңда	3
vbz	аң	3
vbz	ба	3
vbz	дыратын	3
vbz	дырыл	3
vbz	шы	3
vbz	ыл	3
vbz	ылған	3
vbz	ымды	3
vbz	ыны	3
vbz	ыссыз	3
vfn	бедім	3
vfn	бейміз	3
vfn	бейсің	3
vfn	бен	3
vfn	дегі	3
vfn	дірме	3
vfn	діріл	3
vfn	діріс	3
vfn	еміз	3
vfn	нің	3
vfn	ушіге	3
vfn	ушінің	3
vfn	ші	3
vfn	імсіз	3
vfn	істік	3
vfr	де	3
vfr	дей	3
vfr	есің	3
vfr	медім	3
vfr	мен	3
vfr	сіне	3
vfr	тер	3
vfr	ушілері	3
vfr	іліпті	3
vfr	інген	3
vfr	індік	3
vfr	іне	3
vfr	істің	3
vfr	іңіз	3
vft	гі	3
vft	ді	3
vft	кенмін	3
vft	кізген	3
vft	тегі	3
vft	тікке	3
vft	тіктер	3
vft	тіктерді	3
vft	тіктерін	3
vft	тіктерінің	3
vft	тіктің	3
vft	тіріліп	3
vft	ушіге	3
vft	ушінің	3
vft	іден	3
vft	ідің	3
vft	ілдір	3
vft	ілдіру	3
vft	ілмек	3
vft	іліс	3
vft	імде	3
vft	іммен	3
vft	іміз	3
vft	імін	3
vft	інде	3
vft	іне	3
vft	інеді	3
vft	інен	3
vft	інсіз	3
vft	іппін	3
vft	ісетін	3
vft	іскен	3
vfv	бе	3
vfv	ге	3
vfv	гізіп	3
vfv	гімде	3
vfv	медім	3
vfv	мейміз	3
vfv	мізді	3
vfv	ндегі	3
vfv	нші	3
vfv	ншілік	3
vfv	рек	3
vfv	сінің	3
vfv	теміз	3
vfv	тесің	3
vfv	ңге	3
vfv	ңде	3
vfv	ңнен	3
vfv	ңнің	3
vfv	ңсіз	3
vfz	бе	3
vfz	беймін	3
vfz	бек	3
vfz	гізіп	3
vfz	гілер	3
vfz	гін	3
vfz	гісіз	3
vfz	дей	3
vfz	діреді	3
vfz	ке	3
vfz	медім	3
vfz	мейміз	3
vfz	ушілердің	3
vfz	ушіні	3
vfz	ушінің	3
vfz	ушісі	3
vfz	ілмейді	3
vfz	ілмейтін	3
vfz	ініпті	3
vfz	істің	3
nbn	аң	2
nbn	бада	2
nbn	балықты	2
nbn	баты	2
nbn	бақ	2
nbn	дайлар	2
nbn	дайларды	2
nbn	дайлардың	2
nbn	дайға	2
nbn	дарсыз	2
nbn	дарыма	2
nbn	дарымды	2
nbn	дасың	2
nbn	даулардан	2
nbn	даулардың	2
nbn	дауларын	2
nbn	дауларға	2
nbn	даусызда	2
nbn	даушыны	2
nbn	дауынан	2
nbn	дауында	2
nbn	дағым	2
nbn	дердің	2
nbn	дырады	2
nbn	дырдың	2
nbn	дықсыз	2
nbn	дықтарында	2
nbn	дықтарға	2
nbn	дік	2
nbn	дікі	2
nbn	еді	2
nbn	ларда	2
nbn	мда	2
nbn	мнан	2
nbn	мыз	2
nbn	мыздан	2
nbn	мызға	2
nbn	ны	2
nbn	сыздан	2
nbn	сыздар	2
nbn	сыздардың	2
nbn	сыздықтың	2
nbn	сыздыққа	2
nbn	сызын	2
nbn	сызға	2
nbn	сының	2
nbn	таймен	2
nbn	тайың	2
nbn	тан	2
nbn	тарда	2
nbn	тардың	2
nbn	тымыз	2
nbn	тықта	2
nbn	тықтың	2
nbn	уң	2
nbn	шалардан	2
nbn	шалық	2
nbn	шалықты	2
nbn	шама	2
nbn	шасының	2
nbn	шылармен	2
nbn	шыларын	2
nbn	шылау	2
nbn	шылы	2
nbn	шылықпен	2
nbn	шыма	2
nbn	шырақтай	2
nbn	шысының	2
nbn	шығы	2
nbn	ыдан	2
nbn	ылады	2
nbn	ыласың	2
nbn	ылдық	2
nbn	ылдың	2
nbn	ылса	2
nbn	ылсақ	2
nbn	ылу	2
nbn	ылыс	2
nbn	ылыстырып	2
nbn	ылысу	2
nbn	ымға	2
nbn	ырақты	2
nbn	ырақтың	2
nbn	ыстық	2
nbn	ысып	2
nbn	ыта	2
nbn	ыңызда	2
nbn	ғыдан	2
nbn	ғыз	2
nbn	ғылары	2
nbn	ғыларын	2
nbn	ғыларына	2
nbn	ғыларға	2
nbn	ғылы	2
nbn	ғылықты	2
nbn	ғыны	2
nbn	ғысына	2
nbn	ғысынан	2
nbn	ғысының	2
nbn	ғыша	2
nbn	қан	2
nbr	асыз	2
nbr	атын	2
nbr	бадың	2
nbr	баймын	2
nbr	балар	2
nbr	баларды	2
nbr	балардың	2
nbr	басына	2
nbr	батың	2
nbr	баушы	2
nbr	бағым	2
nbr	дайды	2
nbr	дамыз	2
nbr	дарымнан	2
nbr	дау	2
nbr	дауда	2
nbr	даушы	2
nbr	де	2
nbr	дым	2
nbr	дыр	2
nbr	дырақ	2
nbr	ді	2
nbr	дікін	2
nbr	ларның	2
nbr	ларымыздың	2
nbr	лаумен	2
nbr	лаушылар	2
nbr	лаушыға	2
nbr	лердің	2
nbr	леу	2
nbr	лыларды	2
nbr	лыларын	2
nbr	лылықпен	2
nbr	лылықты	2
nbr	лысымен	2
nbr	лығымыз	2
nbr	лықсыз	2
nbr	лықтары	2
nbr	лықтарын	2
nbr	лықтарына	2
nbr	лықтарынан	2
nbr	лықтарға	2
nbr	лік	2
nbr	мады	2
nbr	майды	2
nbr	маса	2
nbr	мға	2
nbr	нан	2
nbr	насыз	2
nbr	ны	2
nbr	сабын	2
nbr	сам	2
nbr	сыда	2
nbr	сызбен	2
nbr	сыздықпен	2
nbr	сыздыққа	2
nbr	сыздың	2
nbr	сыңдар	2
nbr	тайға	2
nbr	тармен	2
nbr	тармыз	2
nbr	тармын	2
nbr	тары	2
nbr	тарым	2
nbr	тарын	2
nbr	таудай	2
nbr	таудың	2
nbr	тағы	2
nbr	шалардың	2
nbr	шаларын	2
nbr	шаларға	2
nbr	шамның	2
nbr	шасына	2
nbr	шасынан	2
nbr	шасында	2
nbr	шасының	2
nbr	шыларда	2
nbr	шыларымен	2
nbr	шылығымен	2
nbr	шылығын	2
nbr	шылығына	2
nbr	шылықта	2
nbr	шылықтар	2
nbr	шын	2
nbr	шында	2
nbr	шысында	2
nbr	ыда	2
nbr	ылдық	2
nbr	ылмай	2
nbr	ылмайды	2
nbr	ылмайтын	2
nbr	ылысты	2
nbr	ымсыз	2
nbr	ындағыларға	2
nbr	ынмын	2
nbr	ыспайтын	2
nbr	ыстыру	2
nbr	ыстырып	2
nbr	ыстық	2
nbr	ыта	2
nbr	ыңдағы	2
nbr	і	2
nbr	іне	2
nbr	інің	2
nbr	ғыздың	2
nbr	ғылығын	2
nbr	ғысы	2
nbr	ғысынан	2
nbr	қ	2
nbr	ң	2
nbt	адың	2
nbt	балық	2
nbt	бана	2
nbt	басымен	2
nbt	басында	2
nbt	басындағы	2
nbt	басыға	2
nbt	дарына	2
nbt	дарға	2
nbt	дағы	2
nbt	дық	2
nbt	ларыда	2
nbt	ларыға	2
nbt	лердің	2
nbt	лыны	2
nbt	лығы	2
nbt	лыққа	2
nbt	май	2
nbt	пайды	2
nbt	пайдың	2
nbt	рақ	2
nbt	сақ	2
nbt	саң	2
nbt	се	2
nbt	сызға	2
nbt	сыңдар	2
nbt	тайымнан	2
nbt	тарсыз	2
nbt	тарымды	2
nbt	тарымызға	2
nbt	тарыңмен	2
nbt	тарыңнан	2
nbt	таулардың	2
nbt	таушыларға	2
nbt	таушым	2
nbt	таушысы	2
nbt	тауың	2
nbt	тағыдай	2
nbt	тағының	2
nbt	терімен	2
nbt	терінен	2
nbt	тыратын	2
nbt	тырма	2
nbt	тырылатын	2
nbt	тырылды	2
nbt	тықтарды	2
nbt	ушы	2
nbt	ушылық	2
nbt	шаларын	2
nbt	шаларға	2
nbt	шаның	2
nbt	шасына	2
nbt	шасынан	2
nbt	шағы	2
nbt	шылардан	2
nbt	шыларымен	2
nbt	шылау	2
nbt	шылы	2
nbt	шылығының	2
nbt	шысын	2
nbt	шысынан	2
nbt	ылам	2
nbt	ыласың	2
nbt	ылатын	2
nbt	ылдым	2
nbt	ылдық	2
nbt	ылмадым	2
nbt	ылмай	2
nbt	ылса	2
nbt	ылтым	2
nbt	ылыс	2
nbt	ылысты	2
nbt	ылыстың	2
nbt	ымсыз	2
nbt	ымызбен	2
nbt	ынады	2
nbt	ынатын	2
nbt	ынбады	2
nbt	ынбау	2
nbt	ындыратын	2
nbt	ындырды	2
nbt	ындырылу	2
nbt	ындырған	2
nbt	ыпты	2
nbt	ырақпен	2
nbt	ырақтау	2
nbt	ырақтың	2
nbt	ыраққа	2
nbt	ысыз	2
nbt	ысып	2
nbt	ыңызбен	2
nbt	іден	2
nbt	індегі	2
nbt	інен	2
nbt	қ	2
nbv	а	2
nbv	баларымен	2
nbv	баларымыздың	2
nbv	баларын	2
nbv	балауы	2
nbv	бама	2
nbv	бамен	2
nbv	бамнан	2
nbv	бамның	2
nbv	банда	2
nbv	басың	2
nbv	бағыдай	2
nbv	бағым	2
nbv	бағына	2
nbv	бағынан	2
nbv	бағында	2
nbv	бақан	2
nbv	баңа	2
nbv	дайды	2
nbv	дайдың	2
nbv	даймен	2
nbv	дайынан	2
nbv	дайға	2
nbv	дарына	2
nbv	дасың	2
nbv	дау	2
nbv	даулау	2
nbv	дағыларды	2
nbv	дағын	2
nbv	дағыны	2
nbv	дағының	2
nbv	дағың	2
nbv	дегі	2
nbv	дер	2
nbv	дырады	2
nbv	дырақ	2
nbv	дырсыз	2
nbv	лармыз	2
nbv	лармын	2
nbv	ларсыз	2
nbv	ларындағыдай	2
nbv	ларыны	2
nbv	лаулау	2
nbv	лаусыз	2
nbv	лаушыдай	2
nbv	лаушыларды	2
nbv	лаушыларына	2
nbv	лаушыға	2
nbv	лауынан	2
nbv	лауының	2
nbv	лерге	2
nbv	леріне	2
nbv	леуші	2
nbv	леушіге	2
nbv	леушілер	2
nbv	леушінің	2
nbv	лыда	2
nbv	лылардың	2
nbv	лылығымен	2
nbv	лылығының	2
nbv	лылықпен	2
nbv	лылықтар	2
nbv	лымдағы	2
nbv	лымсың	2
nbv	лымға	2
nbv	лындағы	2
nbv	лысын	2
nbv	лысына	2
nbv	лығымды	2
nbv	лығымның	2
nbv	лығымыз	2
nbv	лықша	2
nbv	лыңның	2
nbv	лыңыз	2
nbv	лік	2
nbv	майтын	2
nbv	масыз	2
nbv	матым	2
nbv	маған	2
nbv	мдан	2
nbv	ндағыны	2
nbv	не	2
nbv	нмын	2
nbv	ншылардың	2
nbv	ншыларға	2
nbv	нымын	2
nbv	нің	2
nbv	патың	2
nbv	пын	2
nbv	рақсыз	2
nbv	рақтар	2
nbv	рақтардың	2
nbv	рақтарына	2
nbv	рақтық	2
nbv	раққа	2
nbv	рек	2
nbv	ректі	2
nbv	самын	2
nbv	сыздардың	2
nbv	сыздықтан	2
nbv	сындағылар	2
nbv	сындағыларды	2
nbv	сындағылардың	2
nbv	сысың	2
nbv	тайға	2
nbv	тарды	2
nbv	тардың	2
nbv	тауда	2
nbv	таусыз	2
nbv	тағына	2
nbv	тағының	2
nbv	тынмын	2
nbv	тырақ	2
nbv	тырмайтын	2
nbv	тырмыз	2
nbv	тырсыз	2
nbv	тырылып	2
nbv	тырын	2
nbv	тырып	2
nbv	умын	2
nbv	ушылығы	2
nbv	ушылықты	2
nbv	уқ	2
nbv	шадан	2
nbv	шалар	2
nbv	шалардан	2
nbv	шаларды	2
nbv	шалармен	2
nbv	шалау	2
nbv	шалы	2
nbv	шамен	2
nbv	шана	2
nbv	шасына	2
nbv	шасынан	2
nbv	шасының	2
nbv	шашы	2
nbv	шағынан	2
nbv	шаң	2
nbv	шыдай	2
nbv	шыдан	2
nbv	шыларды	2
nbv	шылығымен	2
nbv	шылығынан	2
nbv	шылығында	2
nbv	шылығындағы	2
nbv	шылықтан	2
nbv	шылықтардың	2
nbv	шылықтарын	2
nbv	шылықтарының	2
nbv	шымыз	2
nbv	шысын	2
nbv	шысына	2
nbv	шығына	2
nbv	шығың	2
nbv	ші	2
nbv	шілер	2
nbv	ыл	2
nbv	ыма	2
nbv	ың	2
nbv	ыңды	2
nbv	іне	2
nbv	інің	2
nbv	ғыда	2
nbv	ғыларға	2
nbv	ғылым	2
nbv	ғылың	2
nbv	ғымсыз	2
nbv	ғымыздағы	2
nbv	ғымызды	2
nbv	ғымын	2
nbv	ғынасыз	2
nbv	ғынасың	2
nbv	ғысының	2
nbv	қамын	2
nbv	қызыл	2
nbv	ңасың	2
nbv	ңызбен	2
nbv	ңыздағы	2
nbz		2
nbz	адық	2
nbz	асың	2
nbz	байды	2
nbz	бақан	2
nbz	дайдың	2
nbz	дамын	2
nbz	дарымды	2
nbz	дарымыз	2
nbz	дарыны	2
nbz	дарыңнан	2
nbz	дасың	2
nbz	дауда	2
nbz	даудағы	2
nbz	даулы	2
nbz	даушыларды	2
nbz	даушылардың	2
nbz	даушылары	2
nbz	даушымен	2
nbz	дауымен	2
nbz	дағыдай	2
nbz	дағылар	2
nbz	дағым	2
nbz	дағымен	2
nbz	дағын	2
nbz	дағына	2
nbz	дегі	2
nbz	дырған	2
nbz	дік	2
nbz	едім	2
nbz	ларына	2
nbz	ларға	2
nbz	лықда	2
nbz	майтын	2
nbz	мақ	2
nbz	маң	2
nbz	сызбен	2
nbz	сызда	2
nbz	сыздан	2
nbz	сыздар	2
nbz	сыздықтан	2
nbz	тан	2
nbz	тар	2
nbz	тырады	2
nbz	шалар	2
nbz	шам	2
nbz	шамды	2
nbz	шашы	2
nbz	шашылар	2
nbz	шаң	2
nbz	шыларды	2
nbz	шылықты	2
nbz	шылықтың	2
nbz	шығы	2
nbz	шығын	2
nbz	ыбын	2
nbz	ыл	2
nbz	ымдағы	2
nbz	ымыздың	2
nbz	ындағыны	2
nbz	ындағысын	2
nbz	ындық	2
nbz	ынмын	2
nbz	ынсақ	2
nbz	ысты	2
nbz	ысу	2
nbz	ысып	2
nbz	ығамыз	2
nbz	ыңдағы	2
nbz	ыңмын	2
nbz	ыңызды	2
nbz	ыңызға	2
nbz	ін	2
nbz	інің	2
nbz	ғыдай	2
nbz	ғыдан	2
nbz	ғыз	2
nbz	ғызбын	2
nbz	ғызды	2
nbz	ғыздық	2
nbz	ғыздың	2
nbz	ғыны	2
nbz	ғысы	2
nfn		2
nfn	беге	2
nfn	гілер	2
nfn	гілерге	2
nfn	гілік	2
nfn	дегілер	2
nfn	дегілерді	2
nfn	дегісін	2
nfn	дегіше	2
nfn	дейміз	2
nfn	демін	2
nfn	дерімді	2
nfn	деріндегідей	2
nfn	деріңді	2
nfn	деуде	2
nfn	деулерді	2
nfn	діктерге	2
nfn	діктерден	2
nfn	діктері	2
nfn	діктерінен	2
nfn	дің	2
nfn	едім	2
nfn	есіз	2
nfn	етін	2
nfn	лерде	2
nfn	лерден	2
nfn	лердің	2
nfn	лері	2
nfn	лік	2
nfn	не	2
nfn	сең	2
nfn	сізге	2
nfn	сіздерді	2
nfn	сіздіктен	2
nfn	сіздіктері	2
nfn	сізін	2
nfn	шегінің	2
nfn	шеден	2
nfn	шелерді	2
nfn	шелердің	2
nfn	шелі	2
nfn	шені	2
nfn	шесін	2
nfn	шілігіне	2
nfn	шіліксіз	2
nfn	шіліктерді	2
nfn	шіліктері	2
nfn	шіліктерін	2
nfn	шіліктеріне	2
nfn	шіліктерінің	2
nfn	шісінің	2
nfn	іде	2
nfn	ілді	2
nfn	ілдің	2
nfn	ілсіз	2
nfn	ілін	2
nfn	імізден	2
nfn	іміздің	2
nfn	індегідей	2
nfn	ісің	2
nfn	іте	2
nfn	ға	2
nfr	бе	2
nfr	бені	2
nfr	бесіз	2
nfr	бесін	2
nfr	гідей	2
nfr	гіден	2
nfr	гілеу	2
nfr	гін	2
nfr	гісін	2
nfr	деміз	2
nfr	дер	2
nfr	десіз	2
nfr	дікі	2
nfr	едік	2
nfr	ем	2
nfr	етін	2
nfr	лернің	2
nfr	лерімді	2
nfr	леріміз	2
nfr	лерің	2
nfr	леумен	2
nfr	леуімен	2
nfr	лігінде	2
nfr	лігінен	2
nfr	ліден	2
nfr	лікте	2
nfr	ліктерді	2
nfr	ліктерін	2
nfr	лімде	2
nfr	ліне	2
nfr	лінің	2
nfr	ме	2
nfr	мек	2
nfr	менсіз	2
nfr	мізге	2
nfr	мізден	2
nfr	мізді	2
nfr	міздің	2
nfr	сіздер	2
nfr	сіздікке	2
nfr	сіздің	2
nfr	сіңдер	2
nfr	тегі	2
nfr	теуін	2
nfr	теуінің	2
nfr	шегі	2
nfr	шігі	2
nfr	шілігімен	2
nfr	шілікпен	2
nfr	шіліктегі	2
nfr	шіні	2
nfr	шісінің	2
nfr	ілді	2
nfr	ілдің	2
nfr	імізде	2
nfr	імізден	2
nfr	інді	2
nfr	інін	2
nfr	ісін	2
nfr	ісің	2
nfr	іңізді	2
nft	бегім	2
nft	ген	2
nft	едің	2
nft	кеміз	2
nft	лерге	2
nft	лерін	2
nft	лікінде	2
nft	сіге	2
nft	сіздікпен	2
nft	сіздіктерден	2
nft	тегідей	2
nft	тегілердің	2
nft	тегіші	2
nft	тейсің	2
nft	теріме	2
nft	теріңде	2
nft	теулерге	2
nft	теулерде	2
nft	теулерден	2
nft	теулерді	2
nft	теулермен	2
nft	теулері	2
nft	теулерін	2
nft	теусіз	2
nft	теушілердің	2
nft	теушіні	2
nft	теушісі	2
nft	теуімен	2
nft	теуін	2
nft	тың	2
nft	тіксіз	2
nft	тіктерге	2
nft	тіктік	2
nft	тім	2
nft	тімін	2
nft	ум	2
nft	шеде	2
nft	шелер	2
nft	шелердің	2
nft	шелеу	2
nft	шеліктер	2
nft	шем	2
nft	шемен	2
nft	шең	2
nft	шеңді	2
nft	шідей	2
nft	шілі	2
nft	шілігінің	2
nft	шіліктен	2
nft	шім	2
nft	шісін	2
nft	шісіне	2
nft	ілген	2
nft	ілу	2
nft	імдегі	2
nft	іміздегі	2
nft	імін	2
nft	інбе	2
nft	інбейді	2
nft	інбеймін	2
nft	індегілердің	2
nft	індемін	2
nft	інемін	2
nft	інесің	2
nft	іптің	2
nft	іректе	2
nft	іректегі	2
nft	іректері	2
nft	ісің	2
nft	іте	2
nft	ітің	2
nft	іңізге	2
nft	іңізден	2
nft	қа	2
nfv	бебін	2
nfv	беге	2
nfv	бегі	2
nfv	белі	2
nfv	бені	2
nfv	бесі	2
nfv	бесін	2
nfv	гемін	2
nfv	гесіз	2
nfv	гіздің	2
nfv	гізін	2
nfv	гілерге	2
nfv	гілерде	2
nfv	гілерді	2
nfv	гілік	2
nfv	гімде	2
nfv	гімнен	2
nfv	гісі	2
nfv	гісінің	2
nfv	гіңнен	2
nfv	гіңізді	2
nfv	дегідей	2
nfv	дейге	2
nfv	дейден	2
nfv	дейлер	2
nfv	дейлерге	2
nfv	дейлерді	2
nfv	дейлердің	2
nfv	дейлеу	2
nfv	дейлік	2
nfv	дейлікті	2
nfv	дейсіз	2
nfv	дейсіздік	2
nfv	дейшілік	2
nfv	дері	2
nfv	деу	2
nfv	етін	2
nfv	йпін	2
nfv	кесіз	2
nfv	кіз	2
nfv	ларда	2
nfv	ларымен	2
nfv	ларында	2
nfv	ларындағы	2
nfv	лауға	2
nfv	лерсің	2
nfv	леріге	2
nfv	лерімізге	2
nfv	леріңнің	2
nfv	леріңіз	2
nfv	леудей	2
nfv	леулі	2
nfv	леушілер	2
nfv	леуіміз	2
nfv	леуің	2
nfv	лығында	2
nfv	лігің	2
nfv	ліктерден	2
nfv	лілеу	2
nfv	лілігімен	2
nfv	лілікпен	2
nfv	ліліктің	2
nfv	мден	2
nfv	мейді	2
nfv	меміз	2
nfv	метін	2
nfv	мке	2
nfv	мсің	2
nfv	міздегі	2
nfv	мізін	2
nfv	ндемін	2
nfv	ншігінде	2
nfv	ншіде	2
nfv	ншілері	2
nfv	ншілеріне	2
nfv	ншілік	2
nfv	ншісінен	2
nfv	пек	2
nfv	рекпен	2
nfv	ректегі	2
nfv	ректердің	2
nfv	ректері	2
nfv	семіз	2
nfv	сындағы	2
nfv	сіге	2
nfv	сіке	2
nfv	сінсіз	2
nfv	темін	2
nfv	терде	2
nfv	термін	2
nfv	терсің	2
nfv	терін	2
nfv	терінде	2
nfv	тесіз	2
nfv	тірген	2
nfv	тірді	2
nfv	тіреді	2
nfv	тіріп	2
nfv	шегідей	2
nfv	шегіден	2
nfv	шегім	2
nfv	шеде	2
nfv	шелерінің	2
nfv	шелерің	2
nfv	шемді	2
nfv	шеме	2
nfv	шеммен	2
nfv	шеміз	2
nfv	шене	2
nfv	шесіне	2
nfv	шіге	2
nfv	шігі	2
nfv	шілікпен	2
nfv	шімге	2
nfv	шімді	2
nfv	шісі	2
nfv	ңізбен	2
nfv	ңіздегі	2
nfv	ңіздің	2
nfz	бе	2
nfz	бегі	2
nfz	гідегі	2
nfz	гілерді	2
nfz	гілердің	2
nfz	гілері	2
nfz	гілеу	2
nfz	гілі	2
nfz	гілігі	2
nfz	гілігін	2
nfz	гіліксіз	2
nfz	гілікті	2
nfz	гінде	2
nfz	гіндегі	2
nfz	гінің	2
nfz	гісіз	2
nfz	гісіздеу	2
nfz	гісіздікке	2
nfz	гісін	2
nfz	гісіне	2
nfz	дегідей	2
nfz	дейін	2
nfz	дердегі	2
nfz	деріміз	2
nfz	деріндегі	2
nfz	деріңде	2
nfz	деріңнің	2
nfz	деріңізге	2
nfz	деріңіздің	2
nfz	деудегі	2
nfz	деулік	2
nfz	деуімен	2
nfz	деуіне	2
nfz	деуінен	2
nfz	діктердің	2
nfz	діктері	2
nfz	дімін	2
nfz	кен	2
nfz	лерге	2
nfz	леріне	2
nfz	лі	2
nfz	мек	2
nfz	міз	2
nfz	сізге	2
nfz	сізде	2
nfz	сіздердің	2
nfz	сіздіктің	2
nfz	сіздің	2
nfz	те	2
nfz	тер	2
nfz	терді	2
nfz	тері	2
nfz	ті	2
nfz	шеден	2
nfz	шелерді	2
nfz	шелеу	2
nfz	шесі	2
nfz	шесінен	2
nfz	шіге	2
nfz	шіден	2
nfz	шілердің	2
nfz	шілеріне	2
nfz	шілігінің	2
nfz	шілік	2
nfz	іке	2
nfz	ілін	2
nfz	імізбен	2
nfz	іміздегі	2
nfz	індік	2
nfz	інсіз	2
nfz	ініп	2
nfz	іпті	2
nfz	іңге	2
nfz	іңдегі	2
nfz	іңсің	2
nfz	іңізбен	2
vbn	амыз	2
vbn	атынмын	2
vbn	балын	2
vbn	бапты	2
vbn	баушылық	2
vbn	дайды	2
vbn	дар	2
vbn	дағыларға	2
vbn	дағысын	2
vbn	дағысының	2
vbn	дырдық	2
vbn	дырса	2
vbn	нан	2
vbn	ның	2
vbn	тайшы	2
vbn	тайшыдан	2
vbn	ушыдан	2
vbn	ушыларды	2
vbn	ушылармен	2
vbn	ушымен	2
vbn	ы	2
vbn	ылмай	2
vbn	ылмайды	2
vbn	ылсыз	2
vbn	ымсыз	2
vbn	ымға	2
vbn	ысады	2
vbn	ысатын	2
vbn	ыстырады	2
vbn	ыстыратын	2
vbn	ыстырды	2
vbn	ыстырылады	2
vbn	ыстырып	2
vbn	ыстырған	2
vbn	ыңыз	2
vbn	ғын	2
vbn	ң	2
vbr	аң	2
vbr	даусыз	2
vbr	дағы	2
vbr	мадым	2
vbr	мадың	2
vbr	маймыз	2
vbr	мапты	2
vbr	мақсың	2
vbr	ның	2
vbr	паты	2
vbr	пақ	2
vbr	сыңдар	2
vbr	тар	2
vbr	ты	2
vbr	тын	2
vbr	ушыларының	2
vbr	ушылығы	2
vbr	шылар	2
vbr	шыларға	2
vbr	шығы	2
vbr	ылдым	2
vbr	ылмады	2
vbr	ылмаса	2
vbr	ылысу	2
vbr	ымда	2
vbr	ымдағы	2
vbr	ымен	2
vbr	ыммен	2
vbr	ымнан	2
vbr	ымсыз	2
vbr	ынан	2
vbr	ынатын	2
vbr	ынбақ	2
vbr	ындыр	2
vbr	ындырды	2
vbr	ындырып	2
vbr	ындық	2
vbr	ыспайды	2
vbr	ыстыр	2
vbr	ыстырып	2
vbr	ыға	2
vbr	ың	2
vbr	ғанмын	2
vbr	ғансыз	2
vbr	ғансың	2
vbr	ғасың	2
vbr	ғыдан	2
vbr	ғызады	2
vbr	ғызылады	2
vbr	ғызылатын	2
vbr	ғызылып	2
vbr	ғылары	2
vbr	ғыларын	2
vbr	ғыларға	2
vbr	ғылау	2
vbr	ғылықты	2
vbr	ғым	2
vbr	ғыны	2
vbr	ғысымен	2
vbr	ғышылар	2
vbt	паймыз	2
vbt	пайсың	2
vbt	пен	2
vbt	сыздық	2
vbt	тайды	2
vbt	таймын	2
vbt	тардан	2
vbt	тарды	2
vbt	тарын	2
vbt	тырам	2
vbt	тырдым	2
vbt	тырмайды	2
vbt	тырмау	2
vbt	тырсақ	2
vbt	тырылмай	2
vbt	тырылмаса	2
vbt	ушыларға	2
vbt	ушылығы	2
vbt	ушыны	2
vbt	ыдағы	2
vbt	ылдың	2
vbt	ылмаса	2
vbt	ылмақ	2
vbt	ылысты	2
vbt	ылыстың	2
vbt	ымның	2
vbt	ымға	2
vbt	ынба	2
vbt	ынбады	2
vbt	ындым	2
vbt	ыныс	2
vbt	ысады	2
vbt	ыстыру	2
vbt	ыстырып	2
vbt	ыстың	2
vbt	ыңда	2
vbt	ыңды	2
vbt	қансың	2
vbt	қыздым	2
vbv	ба	2
vbv	бын	2
vbv	де	2
vbv	дегі	2
vbv	дыр	2
vbv	дырды	2
vbv	дырып	2
vbv	йсыздар	2
vbv	лынан	2
vbv	лысын	2
vbv	лысында	2
vbv	лысының	2
vbv	лың	2
vbv	лыңды	2
vbv	майсыңдар	2
vbv	мда	2
vbv	мен	2
vbv	мнан	2
vbv	нан	2
vbv	ншылыққа	2
vbv	ншының	2
vbv	нымын	2
vbv	птық	2
vbv	сың	2
vbv	ушыдай	2
vbv	ушылары	2
vbv	ушылығы	2
vbv	ушылықта	2
vbv	ушылықтың	2
vbv	ша	2
vbv	шым	2
vbv	шыға	2
vbv	ы	2
vbv	ыл	2
vbv	ылды	2
vbv	ылмаған	2
vbv	ылып	2
vbv	ылыс	2
vbv	ылысып	2
vbv	ылған	2
vbv	ында	2
vbv	ынды	2
vbv	ыны	2
vbv	ынын	2
vbv	ыстырған	2
vbv	і	2
vbv	ғансыз	2
vbv	ғасыз	2
vbv	ғыдай	2
vbv	ғылары	2
vbv	ғылық	2
vbv	ғымыз	2
vbv	ғындағы	2
vbv	ңдан	2
vbz	адың	2
vbz	атынмын	2
vbz	баймыз	2
vbz	балы	2
vbz	дай	2
vbz	дырдым	2
vbz	дырмақ	2
vbz	дырылды	2
vbz	дырылып	2
vbz	дырылған	2
vbz	дырған	2
vbz	мадым	2
vbz	мадың	2
vbz	маймыз	2
vbz	маймын	2
vbz	майсың	2
vbz	тау	2
vbz	тырам	2
vbz	тырылып	2
vbz	тырылған	2
vbz	тырып	2
vbz	тырған	2
vbz	тық	2
vbz	тың	2
vbz	ушыда	2
vbz	ушыны	2
vbz	ушыға	2
vbz	шаң	2
vbz	шын	2
vbz	ылады	2
vbz	ымсыз	2
vbz	ымға	2
vbz	ына	2
vbz	ынды	2
vbz	ының	2
vbz	ыспаған	2
vbz	ысын	2
vbz	ыңыз	2
vbz	ғылау	2
vbz	ғыншы	2
vbz	ғысыз	2
vbz	қа	2
vbz	қан	2
vfn		2
vfn	беге	2
vfn	бек	2
vfn	белік	2
vfn	бенің	2
vfn	бепті	2
vfn	бесін	2
vfn	беушілік	2
vfn	ден	2
vfn	дер	2
vfn	дері	2
vfn	дірдім	2
vfn	дірем	2
vfn	дірмек	2
vfn	дірілмеген	2
vfn	дірісті	2
vfn	дірістік	2
vfn	е	2
vfn	сек	2
vfn	ушілердің	2
vfn	ушілікке	2
vfn	ушілікті	2
vfn	ушіні	2
vfn	ше	2
vfn	шегі	2
vfn	іл	2
vfn	ілген	2
vfn	ілді	2
vfn	іледі	2
vfn	ілетін	2
vfn	ілмей	2
vfn	ілу	2
vfn	іліп	2
vfn	імге	2
vfn	іседі	2
vfn	ісетін	2
vfn	істің	2
vfn	ісін	2
vfr	гіз	2
vfr	гін	2
vfr	дірген	2
vfr	діріп	2
vfr	едім	2
vfr	мейміз	2
vfr	мепті	2
vfr	месем	2
vfr	сің	2
vfr	тейін	2
vfr	ушіге	2
vfr	ушілерді	2
vfr	ушіні	2
vfr	ілмейді	2
vfr	ілмейтін	2
vfr	ілсем	2
vfr	іліс	2
vfr	імге	2
vfr	імсіз	2
vfr	імін	2
vfr	інін	2
vfr	інің	2
vfr	іседі	2
vfr	іссіз	2
vfr	істіріп	2
vft	ек	2
vft	есің	2
vft	кенсің	2
vft	кізбейді	2
vft	кізеді	2
vft	кізем	2
vft	кізіпті	2
vft	меді	2
vft	пейсің	2
vft	тейді	2
vft	терге	2
vft	тері	2
vft	теулі	2
vft	тікте	2
vft	тіктерге	2
vft	тіктердің	2
vft	тіктері	2
vft	тіктеріне	2
vft	тікті	2
vft	тіреміз	2
vft	тірмей	2
vft	тірмеу	2
vft	тірілу	2
vft	ушілер	2
vft	іде	2
vft	ідегісін	2
vft	ілдік	2
vft	ілдіріл	2
vft	ілдірілу	2
vft	ілесің	2
vft	ілмейтін	2
vft	ілмесе	2
vft	іліссіз	2
vft	іммін	2
vft	інген	2
vft	індірген	2
vft	індіріп	2
vft	ініс	2
vft	ісем	2
vft	ісең	2
vft	іспесе	2
vft	істік	2
vft	істірем	2
vft	істірмеді	2
vft	істіру	2
vft	іте	2
vfv	беге	2
vfv	бедей	2
vfv	беден	2
vfv	белі	2
vfv	белік	2
vfv	бемен	2
vfv	бені	2
vfv	бенің	2
vfv	бесі	2
vfv	бесін	2
vfv	бесінің	2
vfv	беуші	2
vfv	беушім	2
vfv	гідей	2
vfv	гізген	2
vfv	гізетін	2
vfv	гізу	2
vfv	гіме	2
vfv	гімнен	2
vfv	гіңде	2
vfv	гіңіз	2
vfv	еді	2
vfv	йдің	2
vfv	йсіздер	2
vfv	кен	2
vfv	леуші	2
vfv	лімді	2
vfv	ліне	2
vfv	лінен	2
vfv	лісі	2
vfv	лісінен	2
vfv	месек	2
vfv	ммен	2
vfv	мсіз	2
vfv	міздің	2
vfv	птің	2
vfv	сіз	2
vfv	сіңдер	2
vfv	тегі	2
vfv	тегінде	2
vfv	тегіне	2
vfv	терміз	2
vfv	терсің	2
vfv	тесіз	2
vfv	теу	2
vfv	теуі	2
vfv	тік	2
vfv	тім	2
vfv	умін	2
vfv	ушіліктің	2
vfv	ңгеміз	2
vfv	ңемін	2
vfv	ңке	2
vfz	бесін	2
vfz	гідей	2
vfz	гізді	2
vfz	гізу	2
vfz	гінің	2
vfz	гің	2
vfz	дірмеген	2
vfz	дірмеді	2
vfz	дірмейтін	2
vfz	дірмек	2
vfz	дірмеу	2
vfz	дірсе	2
vfz	есің	2
vfz	мегенсің	2
vfz	медік	2
vfz	медің	2
vfz	месек	2
vfz	месем	2
vfz	месең	2
vfz	тейін	2
vfz	тір	2
vfz	тірген	2
vfz	тірді	2
vfz	тірдің	2
vfz	тірем	2
vfz	тірме	2
vfz	тірмей	2
vfz	тірсең	2
vfz	тіру	2
vfz	тірілген	2
vfz	тіріп	2
vfz	тіріпті	2
vfz	усіз	2
vfz	ушілерге	2
vfz	шем	2
vfz	імдегі	2
vfz	іме	2
vfz	інбе	2
vfz	індік	2
vfz	індім	2
vfz	індіріп	2
vfz	інемін	2
vfz	інесің	2
vfz	ініс	2
vfz	ісетін	2
vfz	іссіз	2
vfz	істік	2
vfz	істіру	2
vfz	ің	2
