# class	strip	residue	count — from tools/verb_paradigm.py
vbt	0	а	60
vbt	0	ады	60
vbt	0	айын	60
vbt	0	айық	60
vbt	0	амыз	60
vbt	0	амын	60
vbt	0	ар	60
vbt	0	армыз	60
vbt	0	армын	60
vbt	0	арсыз	60
vbt	0	арсыздар	60
vbt	0	арсың	60
vbt	0	арсыңдар	60
vbt	0	асыз	60
vbt	0	асыздар	60
vbt	0	асың	60
vbt	0	асыңдар	60
vbt	0	атын	60
vbt	0	пады	60
vbt	0	падым	60
vbt	0	падық	60
vbt	0	падың	60
vbt	0	падыңдар	60
vbt	0	падыңыз	60
vbt	0	падыңыздар	60
vbt	0	пай	60
vbt	0	пайды	60
vbt	0	паймыз	60
vbt	0	паймын	60
vbt	0	пайсыз	60
vbt	0	пайсыздар	60
vbt	0	пайсың	60
vbt	0	пайсыңдар	60
vbt	0	пайтын	60
vbt	0	пап	60
vbt	0	папты	60
vbt	0	пас	60
vbt	0	паса	60
vbt	0	пасам	60
vbt	0	пасақ	60
vbt	0	пасаң	60
vbt	0	пасаңдар	60
vbt	0	пасаңыз	60
vbt	0	пасаңыздар	60
vbt	0	паспыз	60
vbt	0	паспын	60
vbt	0	пассыз	60
vbt	0	пассыздар	60
vbt	0	пассың	60
vbt	0	пассыңдар	60
vbt	0	пау	60
vbt	0	пауда	60
vbt	0	паудан	60
vbt	0	пауды	60
vbt	0	паудың	60
vbt	0	паулар	60
vbt	0	пауларды	60
vbt	0	паулардың	60
vbt	0	пауларға	60
vbt	0	паумен	60
vbt	0	паушы	60
vbt	0	пауы	60
vbt	0	пауым	60
vbt	0	пауымыз	60
vbt	0	пауын	60
vbt	0	пауына	60
vbt	0	пауынан	60
vbt	0	пауында	60
vbt	0	пауының	60
vbt	0	пауың	60
vbt	0	пауыңыз	60
vbt	0	пауға	60
vbt	0	пағалы	60
vbt	0	паған	60
vbt	0	пағанбыз	60
vbt	0	пағанмын	60
vbt	0	пағансыз	60
vbt	0	пағансыздар	60
vbt	0	пағансың	60
vbt	0	пағансыңдар	60
vbt	0	са	60
vbt	0	сам	60
vbt	0	сақ	60
vbt	0	саң	60
vbt	0	саңдар	60
vbt	0	саңыз	60
vbt	0	саңыздар	60
vbt	0	ты	60
vbt	0	тым	60
vbt	0	тыр	60
vbt	0	тыра	60
vbt	0	тырады	60
vbt	0	тырайын	60
vbt	0	тырайық	60
vbt	0	тырамыз	60
vbt	0	тырамын	60
vbt	0	тырар	60
vbt	0	тырармыз	60
vbt	0	тырармын	60
vbt	0	тырарсыз	60
vbt	0	тырарсыздар	60
vbt	0	тырарсың	60
vbt	0	тырарсыңдар	60
vbt	0	тырасыз	60
vbt	0	тырасыздар	60
vbt	0	тырасың	60
vbt	0	тырасыңдар	60
vbt	0	тыратын	60
vbt	0	тырды	60
vbt	0	тырдым	60
vbt	0	тырдық	60
vbt	0	тырдың	60
vbt	0	тырдыңдар	60
vbt	0	тырдыңыз	60
vbt	0	тырдыңыздар	60
vbt	0	тырмады	60
vbt	0	тырмадым	60
vbt	0	тырмадық	60
vbt	0	тырмадың	60
vbt	0	тырмадыңдар	60
vbt	0	тырмадыңыз	60
vbt	0	тырмадыңыздар	60
vbt	0	тырмай	60
vbt	0	тырмайды	60
vbt	0	тырмаймыз	60
vbt	0	тырмаймын	60
vbt	0	тырмайсыз	60
vbt	0	тырмайсыздар	60
vbt	0	тырмайсың	60
vbt	0	тырмайсыңдар	60
vbt	0	тырмайтын	60
vbt	0	тырмап	60
vbt	0	тырмапты	60
vbt	0	тырмас	60
vbt	0	тырмаса	60
vbt	0	тырмасам	60
vbt	0	тырмасақ	60
vbt	0	тырмасаң	60
vbt	0	тырмасаңдар	60
vbt	0	тырмасаңыз	60
vbt	0	тырмасаңыздар	60
vbt	0	тырмаспыз	60
vbt	0	тырмаспын	60
vbt	0	тырмассыз	60
vbt	0	тырмассыздар	60
vbt	0	тырмассың	60
vbt	0	тырмассыңдар	60
vbt	0	тырмау	60
vbt	0	тырмауда	60
vbt	0	тырмаудан	60
vbt	0	тырмауды	60
vbt	0	тырмаудың	60
vbt	0	тырмаулар	60
vbt	0	тырмауларды	60
vbt	0	тырмаулардың	60
vbt	0	тырмауларға	60
vbt	0	тырмаумен	60
vbt	0	тырмаушы	60
vbt	0	тырмауы	60
vbt	0	тырмауым	60
vbt	0	тырмауымыз	60
vbt	0	тырмауын	60
vbt	0	тырмауына	60
vbt	0	тырмауынан	60
vbt	0	тырмауында	60
vbt	0	тырмауының	60
vbt	0	тырмауың	60
vbt	0	тырмауыңыз	60
vbt	0	тырмауға	60
vbt	0	тырмағалы	60
vbt	0	тырмаған	60
vbt	0	тырмағанбыз	60
vbt	0	тырмағанмын	60
vbt	0	тырмағансыз	60
vbt	0	тырмағансыздар	60
vbt	0	тырмағансың	60
vbt	0	тырмағансыңдар	60
vbt	0	тырса	60
vbt	0	тырсам	60
vbt	0	тырсақ	60
vbt	0	тырсаң	60
vbt	0	тырсаңдар	60
vbt	0	тырсаңыз	60
vbt	0	тырсаңыздар	60
vbt	0	тыру	60
vbt	0	тыруда	60
vbt	0	тырудан	60
vbt	0	тыруды	60
vbt	0	тырудың	60
vbt	0	тырулар	60
vbt	0	тыруларды	60
vbt	0	тырулардың	60
vbt	0	тыруларға	60
vbt	0	тырумен	60
vbt	0	тырушы	60
vbt	0	тыруы	60
vbt	0	тыруым	60
vbt	0	тыруымыз	60
vbt	0	тыруын	60
vbt	0	тыруына	60
vbt	0	тыруынан	60
vbt	0	тыруында	60
vbt	0	тыруының	60
vbt	0	тыруың	60
vbt	0	тыруыңыз	60
vbt	0	тыруға	60
vbt	0	тырып	60
vbt	0	тырыпты	60
vbt	0	тырыңдар	60
vbt	0	тырыңыз	60
vbt	0	тырғалы	60
vbt	0	тырған	60
vbt	0	тырғанбыз	60
vbt	0	тырғанмын	60
vbt	0	тырғансыз	60
vbt	0	тырғансыздар	60
vbt	0	тырғансың	60
vbt	0	тырғансыңдар	60
vbt	0	тық	60
vbt	0	тың	60
vbt	0	тыңдар	60
vbt	0	тыңыз	60
vbt	0	тыңыздар	60
vbt	0	у	60
vbt	0	уда	60
vbt	0	удан	60
vbt	0	уды	60
vbt	0	удың	60
vbt	0	улар	60
vbt	0	уларды	60
vbt	0	улардың	60
vbt	0	уларға	60
vbt	0	умен	60
vbt	0	ушы	60
vbt	0	уы	60
vbt	0	уым	60
vbt	0	уымыз	60
vbt	0	уын	60
vbt	0	уына	60
vbt	0	уынан	60
vbt	0	уында	60
vbt	0	уының	60
vbt	0	уың	60
vbt	0	уыңыз	60
vbt	0	уға	60
vbt	0	ыл	60
vbt	0	ыла	60
vbt	0	ылады	60
vbt	0	ылайын	60
vbt	0	ылайық	60
vbt	0	ыламыз	60
vbt	0	ыламын	60
vbt	0	ылар	60
vbt	0	ылармыз	60
vbt	0	ылармын	60
vbt	0	ыларсыз	60
vbt	0	ыларсыздар	60
vbt	0	ыларсың	60
vbt	0	ыларсыңдар	60
vbt	0	ыласыз	60
vbt	0	ыласыздар	60
vbt	0	ыласың	60
vbt	0	ыласыңдар	60
vbt	0	ылатын	60
vbt	0	ылды	60
vbt	0	ылдым	60
vbt	0	ылдық	60
vbt	0	ылдың	60
vbt	0	ылдыңдар	60
vbt	0	ылдыңыз	60
vbt	0	ылдыңыздар	60
vbt	0	ылмады	60
vbt	0	ылмадым	60
vbt	0	ылмадық	60
vbt	0	ылмадың	60
vbt	0	ылмадыңдар	60
vbt	0	ылмадыңыз	60
vbt	0	ылмадыңыздар	60
vbt	0	ылмай	60
vbt	0	ылмайды	60
vbt	0	ылмаймыз	60
vbt	0	ылмаймын	60
vbt	0	ылмайсыз	60
vbt	0	ылмайсыздар	60
vbt	0	ылмайсың	60
vbt	0	ылмайсыңдар	60
vbt	0	ылмайтын	60
vbt	0	ылмап	60
vbt	0	ылмапты	60
vbt	0	ылмас	60
vbt	0	ылмаса	60
vbt	0	ылмасам	60
vbt	0	ылмасақ	60
vbt	0	ылмасаң	60
vbt	0	ылмасаңдар	60
vbt	0	ылмасаңыз	60
vbt	0	ылмасаңыздар	60
vbt	0	ылмаспыз	60
vbt	0	ылмаспын	60
vbt	0	ылмассыз	60
vbt	0	ылмассыздар	60
vbt	0	ылмассың	60
vbt	0	ылмассыңдар	60
vbt	0	ылмау	60
vbt	0	ылмауда	60
vbt	0	ылмаудан	60
vbt	0	ылмауды	60
vbt	0	ылмаудың	60
vbt	0	ылмаулар	60
vbt	0	ылмауларды	60
vbt	0	ылмаулардың	60
vbt	0	ылмауларға	60
vbt	0	ылмаумен	60
vbt	0	ылмаушы	60
vbt	0	ылмауы	60
vbt	0	ылмауым	60
vbt	0	ылмауымыз	60
vbt	0	ылмауын	60
vbt	0	ылмауына	60
vbt	0	ылмауынан	60
vbt	0	ылмауында	60
vbt	0	ылмауының	60
vbt	0	ылмауың	60
vbt	0	ылмауыңыз	60
vbt	0	ылмауға	60
vbt	0	ылмағалы	60
vbt	0	ылмаған	60
vbt	0	ылмағанбыз	60
vbt	0	ылмағанмын	60
vbt	0	ылмағансыз	60
vbt	0	ылмағансыздар	60
vbt	0	ылмағансың	60
vbt	0	ылмағансыңдар	60
vbt	0	ылса	60
vbt	0	ылсам	60
vbt	0	ылсақ	60
vbt	0	ылсаң	60
vbt	0	ылсаңдар	60
vbt	0	ылсаңыз	60
vbt	0	ылсаңыздар	60
vbt	0	ылу	60
vbt	0	ылуда	60
vbt	0	ылудан	60
vbt	0	ылуды	60
vbt	0	ылудың	60
vbt	0	ылулар	60
vbt	0	ылуларды	60
vbt	0	ылулардың	60
vbt	0	ылуларға	60
vbt	0	ылумен	60
vbt	0	ылушы	60
vbt	0	ылуы	60
vbt	0	ылуым	60
vbt	0	ылуымыз	60
vbt	0	ылуын	60
vbt	0	ылуына	60
vbt	0	ылуынан	60
vbt	0	ылуында	60
vbt	0	ылуының	60
vbt	0	ылуың	60
vbt	0	ылуыңыз	60
vbt	0	ылуға	60
vbt	0	ылып	60
vbt	0	ылыпты	60
vbt	0	ылыңдар	60
vbt	0	ылыңыз	60
vbt	0	ылғалы	60
vbt	0	ылған	60
vbt	0	ылғанбыз	60
vbt	0	ылғанмын	60
vbt	0	ылғансыз	60
vbt	0	ылғансыздар	60
vbt	0	ылғансың	60
vbt	0	ылғансыңдар	60
vbt	0	ын	60
vbt	0	ына	60
vbt	0	ынады	60
vbt	0	ынайын	60
vbt	0	ынайық	60
vbt	0	ынамыз	60
vbt	0	ынамын	60
vbt	0	ынар	60
vbt	0	ынармыз	60
vbt	0	ынармын	60
vbt	0	ынарсыз	60
vbt	0	ынарсыздар	60
vbt	0	ынарсың	60
vbt	0	ынарсыңдар	60
vbt	0	ынасыз	60
vbt	0	ынасыздар	60
vbt	0	ынасың	60
vbt	0	ынасыңдар	60
vbt	0	ынатын	60
vbt	0	ынды	60
vbt	0	ындым	60
vbt	0	ындық	60
vbt	0	ындың	60
vbt	0	ындыңдар	60
vbt	0	ындыңыз	60
vbt	0	ындыңыздар	60
vbt	0	ынмады	60
vbt	0	ынмадым	60
vbt	0	ынмадық	60
vbt	0	ынмадың	60
vbt	0	ынмадыңдар	60
vbt	0	ынмадыңыз	60
vbt	0	ынмадыңыздар	60
vbt	0	ынмай	60
vbt	0	ынмайды	60
vbt	0	ынмаймыз	60
vbt	0	ынмаймын	60
vbt	0	ынмайсыз	60
vbt	0	ынмайсыздар	60
vbt	0	ынмайсың	60
vbt	0	ынмайсыңдар	60
vbt	0	ынмайтын	60
vbt	0	ынмап	60
vbt	0	ынмапты	60
vbt	0	ынмас	60
vbt	0	ынмаса	60
vbt	0	ынмасам	60
vbt	0	ынмасақ	60
vbt	0	ынмасаң	60
vbt	0	ынмасаңдар	60
vbt	0	ынмасаңыз	60
vbt	0	ынмасаңыздар	60
vbt	0	ынмаспыз	60
vbt	0	ынмаспын	60
vbt	0	ынмассыз	60
vbt	0	ынмассыздар	60
vbt	0	ынмассың	60
vbt	0	ынмассыңдар	60
vbt	0	ынмау	60
vbt	0	ынмауда	60
vbt	0	ынмаудан	60
vbt	0	ынмауды	60
vbt	0	ынмаудың	60
vbt	0	ынмаулар	60
vbt	0	ынмауларды	60
vbt	0	ынмаулардың	60
vbt	0	ынмауларға	60
vbt	0	ынмаумен	60
vbt	0	ынмаушы	60
vbt	0	ынмауы	60
vbt	0	ынмауым	60
vbt	0	ынмауымыз	60
vbt	0	ынмауын	60
vbt	0	ынмауына	60
vbt	0	ынмауынан	60
vbt	0	ынмауында	60
vbt	0	ынмауының	60
vbt	0	ынмауың	60
vbt	0	ынмауыңыз	60
vbt	0	ынмауға	60
vbt	0	ынмағалы	60
vbt	0	ынмаған	60
vbt	0	ынмағанбыз	60
vbt	0	ынмағанмын	60
vbt	0	ынмағансыз	60
vbt	0	ынмағансыздар	60
vbt	0	ынмағансың	60
vbt	0	ынмағансыңдар	60
vbt	0	ынса	60
vbt	0	ынсам	60
vbt	0	ынсақ	60
vbt	0	ынсаң	60
vbt	0	ынсаңдар	60
vbt	0	ынсаңыз	60
vbt	0	ынсаңыздар	60
vbt	0	ыну	60
vbt	0	ынуда	60
vbt	0	ынудан	60
vbt	0	ынуды	60
vbt	0	ынудың	60
vbt	0	ынулар	60
vbt	0	ынуларды	60
vbt	0	ынулардың	60
vbt	0	ынуларға	60
vbt	0	ынумен	60
vbt	0	ынушы	60
vbt	0	ынуы	60
vbt	0	ынуым	60
vbt	0	ынуымыз	60
vbt	0	ынуын	60
vbt	0	ынуына	60
vbt	0	ынуынан	60
vbt	0	ынуында	60
vbt	0	ынуының	60
vbt	0	ынуың	60
vbt	0	ынуыңыз	60
vbt	0	ынуға	60
vbt	0	ынып	60
vbt	0	ыныпты	60
vbt	0	ыныңдар	60
vbt	0	ыныңыз	60
vbt	0	ынғалы	60
vbt	0	ынған	60
vbt	0	ынғанбыз	60
vbt	0	ынғанмын	60
vbt	0	ынғансыз	60
vbt	0	ынғансыздар	60
vbt	0	ынғансың	60
vbt	0	ынғансыңдар	60
vbt	0	ып	60
vbt	0	ыпты	60
vbt	0	ыс	60
vbt	0	ыса	60
vbt	0	ысады	60
vbt	0	ысайын	60
vbt	0	ысайық	60
vbt	0	ысамыз	60
vbt	0	ысамын	60
vbt	0	ысар	60
vbt	0	ысармыз	60
vbt	0	ысармын	60
vbt	0	ысарсыз	60
vbt	0	ысарсыздар	60
vbt	0	ысарсың	60
vbt	0	ысарсыңдар	60
vbt	0	ысасыз	60
vbt	0	ысасыздар	60
vbt	0	ысасың	60
vbt	0	ысасыңдар	60
vbt	0	ысатын	60
vbt	0	ыспады	60
vbt	0	ыспадым	60
vbt	0	ыспадық	60
vbt	0	ыспадың	60
vbt	0	ыспадыңдар	60
vbt	0	ыспадыңыз	60
vbt	0	ыспадыңыздар	60
vbt	0	ыспай	60
vbt	0	ыспайды	60
vbt	0	ыспаймыз	60
vbt	0	ыспаймын	60
vbt	0	ыспайсыз	60
vbt	0	ыспайсыздар	60
vbt	0	ыспайсың	60
vbt	0	ыспайсыңдар	60
vbt	0	ыспайтын	60
vbt	0	ыспап	60
vbt	0	ыспапты	60
vbt	0	ыспас	60
vbt	0	ыспаса	60
vbt	0	ыспасам	60
vbt	0	ыспасақ	60
vbt	0	ыспасаң	60
vbt	0	ыспасаңдар	60
vbt	0	ыспасаңыз	60
vbt	0	ыспасаңыздар	60
vbt	0	ыспаспыз	60
vbt	0	ыспаспын	60
vbt	0	ыспассыз	60
vbt	0	ыспассыздар	60
vbt	0	ыспассың	60
vbt	0	ыспассыңдар	60
vbt	0	ыспау	60
vbt	0	ыспауда	60
vbt	0	ыспаудан	60
vbt	0	ыспауды	60
vbt	0	ыспаудың	60
vbt	0	ыспаулар	60
vbt	0	ыспауларды	60
vbt	0	ыспаулардың	60
vbt	0	ыспауларға	60
vbt	0	ыспаумен	60
vbt	0	ыспаушы	60
vbt	0	ыспауы	60
vbt	0	ыспауым	60
vbt	0	ыспауымыз	60
vbt	0	ыспауын	60
vbt	0	ыспауына	60
vbt	0	ыспауынан	60
vbt	0	ыспауында	60
vbt	0	ыспауының	60
vbt	0	ыспауың	60
vbt	0	ыспауыңыз	60
vbt	0	ыспауға	60
vbt	0	ыспағалы	60
vbt	0	ыспаған	60
vbt	0	ыспағанбыз	60
vbt	0	ыспағанмын	60
vbt	0	ыспағансыз	60
vbt	0	ыспағансыздар	60
vbt	0	ыспағансың	60
vbt	0	ыспағансыңдар	60
vbt	0	ысса	60
vbt	0	ыссам	60
vbt	0	ыссақ	60
vbt	0	ыссаң	60
vbt	0	ыссаңдар	60
vbt	0	ыссаңыз	60
vbt	0	ыссаңыздар	60
vbt	0	ысты	60
vbt	0	ыстым	60
vbt	0	ыстық	60
vbt	0	ыстың	60
vbt	0	ыстыңдар	60
vbt	0	ыстыңыз	60
vbt	0	ыстыңыздар	60
vbt	0	ысу	60
vbt	0	ысуда	60
vbt	0	ысудан	60
vbt	0	ысуды	60
vbt	0	ысудың	60
vbt	0	ысулар	60
vbt	0	ысуларды	60
vbt	0	ысулардың	60
vbt	0	ысуларға	60
vbt	0	ысумен	60
vbt	0	ысушы	60
vbt	0	ысуы	60
vbt	0	ысуым	60
vbt	0	ысуымыз	60
vbt	0	ысуын	60
vbt	0	ысуына	60
vbt	0	ысуынан	60
vbt	0	ысуында	60
vbt	0	ысуының	60
vbt	0	ысуың	60
vbt	0	ысуыңыз	60
vbt	0	ысуға	60
vbt	0	ысып	60
vbt	0	ысыпты	60
vbt	0	ысыңдар	60
vbt	0	ысыңыз	60
vbt	0	ысқалы	60
vbt	0	ысқан	60
vbt	0	ысқанбыз	60
vbt	0	ысқанмын	60
vbt	0	ысқансыз	60
vbt	0	ысқансыздар	60
vbt	0	ысқансың	60
vbt	0	ысқансыңдар	60
vbt	0	ыңдар	60
vbt	0	ыңыз	60
vbt	0	қалы	60
vbt	0	қан	60
vbt	0	қанбыз	60
vbt	0	қанмын	60
vbt	0	қансыз	60
vbt	0	қансыздар	60
vbt	0	қансың	60
vbt	0	қансыңдар	60
vbv	0	ды	60
vbv	0	дым	60
vbv	0	дық	60
vbv	0	дың	60
vbv	0	дыңдар	60
vbv	0	дыңыз	60
vbv	0	дыңыздар	60
vbv	0	л	60
vbv	0	ла	60
vbv	0	лады	60
vbv	0	лайын	60
vbv	0	лайық	60
vbv	0	ламыз	60
vbv	0	ламын	60
vbv	0	лар	60
vbv	0	лармыз	60
vbv	0	лармын	60
vbv	0	ларсыз	60
vbv	0	ларсыздар	60
vbv	0	ларсың	60
vbv	0	ларсыңдар	60
vbv	0	ласыз	60
vbv	0	ласыздар	60
vbv	0	ласың	60
vbv	0	ласыңдар	60
vbv	0	латын	60
vbv	0	лды	60
vbv	0	лдым	60
vbv	0	лдық	60
vbv	0	лдың	60
vbv	0	лдыңдар	60
vbv	0	лдыңыз	60
vbv	0	лдыңыздар	60
vbv	0	лмады	60
vbv	0	лмадым	60
vbv	0	лмадық	60
vbv	0	лмадың	60
vbv	0	лмадыңдар	60
vbv	0	лмадыңыз	60
vbv	0	лмадыңыздар	60
vbv	0	лмай	60
vbv	0	лмайды	60
vbv	0	лмаймыз	60
vbv	0	лмаймын	60
vbv	0	лмайсыз	60
vbv	0	лмайсыздар	60
vbv	0	лмайсың	60
vbv	0	лмайсыңдар	60
vbv	0	лмайтын	60
vbv	0	лмап	60
vbv	0	лмапты	60
vbv	0	лмас	60
vbv	0	лмаса	60
vbv	0	лмасам	60
vbv	0	лмасақ	60
vbv	0	лмасаң	60
vbv	0	лмасаңдар	60
vbv	0	лмасаңыз	60
vbv	0	лмасаңыздар	60
vbv	0	лмаспыз	60
vbv	0	лмаспын	60
vbv	0	лмассыз	60
vbv	0	лмассыздар	60
vbv	0	лмассың	60
vbv	0	лмассыңдар	60
vbv	0	лмау	60
vbv	0	лмауда	60
vbv	0	лмаудан	60
vbv	0	лмауды	60
vbv	0	лмаудың	60
vbv	0	лмаулар	60
vbv	0	лмауларды	60
vbv	0	лмаулардың	60
vbv	0	лмауларға	60
vbv	0	лмаумен	60
vbv	0	лмаушы	60
vbv	0	лмауы	60
vbv	0	лмауым	60
vbv	0	лмауымыз	60
vbv	0	лмауын	60
vbv	0	лмауына	60
vbv	0	лмауынан	60
vbv	0	лмауында	60
vbv	0	лмауының	60
vbv	0	лмауың	60
vbv	0	лмауыңыз	60
vbv	0	лмауға	60
vbv	0	лмағалы	60
vbv	0	лмаған	60
vbv	0	лмағанбыз	60
vbv	0	лмағанмын	60
vbv	0	лмағансыз	60
vbv	0	лмағансыздар	60
vbv	0	лмағансың	60
vbv	0	лмағансыңдар	60
vbv	0	лса	60
vbv	0	лсам	60
vbv	0	лсақ	60
vbv	0	лсаң	60
vbv	0	лсаңдар	60
vbv	0	лсаңыз	60
vbv	0	лсаңыздар	60
vbv	0	лу	60
vbv	0	луда	60
vbv	0	лудан	60
vbv	0	луды	60
vbv	0	лудың	60
vbv	0	лулар	60
vbv	0	луларды	60
vbv	0	лулардың	60
vbv	0	луларға	60
vbv	0	лумен	60
vbv	0	лушы	60
vbv	0	луы	60
vbv	0	луым	60
vbv	0	луымыз	60
vbv	0	луын	60
vbv	0	луына	60
vbv	0	луынан	60
vbv	0	луында	60
vbv	0	луының	60
vbv	0	луың	60
vbv	0	луыңыз	60
vbv	0	луға	60
vbv	0	лып	60
vbv	0	лыпты	60
vbv	0	лыңдар	60
vbv	0	лыңыз	60
vbv	0	лғалы	60
vbv	0	лған	60
vbv	0	лғанбыз	60
vbv	0	лғанмын	60
vbv	0	лғансыз	60
vbv	0	лғансыздар	60
vbv	0	лғансың	60
vbv	0	лғансыңдар	60
vbv	0	мады	60
vbv	0	мадым	60
vbv	0	мадық	60
vbv	0	мадың	60
vbv	0	мадыңдар	60
vbv	0	мадыңыз	60
vbv	0	мадыңыздар	60
vbv	0	май	60
vbv	0	майды	60
vbv	0	маймыз	60
vbv	0	маймын	60
vbv	0	майсыз	60
vbv	0	майсыздар	60
vbv	0	майсың	60
vbv	0	майсыңдар	60
vbv	0	майтын	60
vbv	0	мап	60
vbv	0	мапты	60
vbv	0	мас	60
vbv	0	маса	60
vbv	0	масам	60
vbv	0	масақ	60
vbv	0	масаң	60
vbv	0	масаңдар	60
vbv	0	масаңыз	60
vbv	0	масаңыздар	60
vbv	0	маспыз	60
vbv	0	маспын	60
vbv	0	массыз	60
vbv	0	массыздар	60
vbv	0	массың	60
vbv	0	массыңдар	60
vbv	0	мау	60
vbv	0	мауда	60
vbv	0	маудан	60
vbv	0	мауды	60
vbv	0	маудың	60
vbv	0	маулар	60
vbv	0	мауларды	60
vbv	0	маулардың	60
vbv	0	мауларға	60
vbv	0	маумен	60
vbv	0	маушы	60
vbv	0	мауы	60
vbv	0	мауым	60
vbv	0	мауымыз	60
vbv	0	мауын	60
vbv	0	мауына	60
vbv	0	мауынан	60
vbv	0	мауында	60
vbv	0	мауының	60
vbv	0	мауың	60
vbv	0	мауыңыз	60
vbv	0	мауға	60
vbv	0	мағалы	60
vbv	0	маған	60
vbv	0	мағанбыз	60
vbv	0	мағанмын	60
vbv	0	мағансыз	60
vbv	0	мағансыздар	60
vbv	0	мағансың	60
vbv	0	мағансыңдар	60
vbv	0	п	60
vbv	0	пты	60
vbv	0	р	60
vbv	0	рмыз	60
vbv	0	рмын	60
vbv	0	рсыз	60
vbv	0	рсыздар	60
vbv	0	рсың	60
vbv	0	рсыңдар	60
vbv	0	с	60
vbv	0	са	60
vbv	0	сады	60
vbv	0	сайын	60
vbv	0	сайық	60
vbv	0	сам	60
vbv	0	самыз	60
vbv	0	самын	60
vbv	0	сар	60
vbv	0	сармыз	60
vbv	0	сармын	60
vbv	0	сарсыз	60
vbv	0	сарсыздар	60
vbv	0	сарсың	60
vbv	0	сарсыңдар	60
vbv	0	сасыз	60
vbv	0	сасыздар	60
vbv	0	сасың	60
vbv	0	сасыңдар	60
vbv	0	сатын	60
vbv	0	сақ	60
vbv	0	саң	60
vbv	0	саңдар	60
vbv	0	саңыз	60
vbv	0	саңыздар	60
vbv	0	спады	60
vbv	0	спадым	60
vbv	0	спадық	60
vbv	0	спадың	60
vbv	0	спадыңдар	60
vbv	0	спадыңыз	60
vbv	0	спадыңыздар	60
vbv	0	спай	60
vbv	0	спайды	60
vbv	0	спаймыз	60
vbv	0	спаймын	60
vbv	0	спайсыз	60
vbv	0	спайсыздар	60
vbv	0	спайсың	60
vbv	0	спайсыңдар	60
vbv	0	спайтын	60
vbv	0	спап	60
vbv	0	спапты	60
vbv	0	спас	60
vbv	0	спаса	60
vbv	0	спасам	60
vbv	0	спасақ	60
vbv	0	спасаң	60
vbv	0	спасаңдар	60
vbv	0	спасаңыз	60
vbv	0	спасаңыздар	60
vbv	0	спаспыз	60
vbv	0	спаспын	60
vbv	0	спассыз	60
vbv	0	спассыздар	60
vbv	0	спассың	60
vbv	0	спассыңдар	60
vbv	0	спау	60
vbv	0	спауда	60
vbv	0	спаудан	60
vbv	0	спауды	60
vbv	0	спаудың	60
vbv	0	спаулар	60
vbv	0	спауларды	60
vbv	0	спаулардың	60
vbv	0	спауларға	60
vbv	0	спаумен	60
vbv	0	спаушы	60
vbv	0	спауы	60
vbv	0	спауым	60
vbv	0	спауымыз	60
vbv	0	спауын	60
vbv	0	спауына	60
vbv	0	спауынан	60
vbv	0	спауында	60
vbv	0	спауының	60
vbv	0	спауың	60
vbv	0	спауыңыз	60
vbv	0	спауға	60
vbv	0	спағалы	60
vbv	0	спаған	60
vbv	0	спағанбыз	60
vbv	0	спағанмын	60
vbv	0	спағансыз	60
vbv	0	спағансыздар	60
vbv	0	спағансың	60
vbv	0	спағансыңдар	60
vbv	0	сса	60
vbv	0	ссам	60
vbv	0	ссақ	60
vbv	0	ссаң	60
vbv	0	ссаңдар	60
vbv	0	ссаңыз	60
vbv	0	ссаңыздар	60
vbv	0	сты	60
vbv	0	стым	60
vbv	0	стық	60
vbv	0	стың	60
vbv	0	стыңдар	60
vbv	0	стыңыз	60
vbv	0	стыңыздар	60
vbv	0	су	60
vbv	0	суда	60
vbv	0	судан	60
vbv	0	суды	60
vbv	0	судың	60
vbv	0	сулар	60
vbv	0	суларды	60
vbv	0	сулардың	60
vbv	0	суларға	60
vbv	0	сумен	60
vbv	0	сушы	60
vbv	0	суы	60
vbv	0	суым	60
vbv	0	суымыз	60
vbv	0	суын	60
vbv	0	суына	60
vbv	0	суынан	60
vbv	0	суында	60
vbv	0	суының	60
vbv	0	суың	60
vbv	0	суыңыз	60
vbv	0	суға	60
vbv	0	сып	60
vbv	0	сыпты	60
vbv	0	сыңдар	60
vbv	0	сыңыз	60
vbv	0	сқалы	60
vbv	0	сқан	60
vbv	0	сқанбыз	60
vbv	0	сқанмын	60
vbv	0	сқансыз	60
vbv	0	сқансыздар	60
vbv	0	сқансың	60
vbv	0	сқансыңдар	60
vbv	0	т	60
vbv	0	та	60
vbv	0	тады	60
vbv	0	тайын	60
vbv	0	тайық	60
vbv	0	тамыз	60
vbv	0	тамын	60
vbv	0	тар	60
vbv	0	тармыз	60
vbv	0	тармын	60
vbv	0	тарсыз	60
vbv	0	тарсыздар	60
vbv	0	тарсың	60
vbv	0	тарсыңдар	60
vbv	0	тасыз	60
vbv	0	тасыздар	60
vbv	0	тасың	60
vbv	0	тасыңдар	60
vbv	0	татын	60
vbv	0	тпады	60
vbv	0	тпадым	60
vbv	0	тпадық	60
vbv	0	тпадың	60
vbv	0	тпадыңдар	60
vbv	0	тпадыңыз	60
vbv	0	тпадыңыздар	60
vbv	0	тпай	60
vbv	0	тпайды	60
vbv	0	тпаймыз	60
vbv	0	тпаймын	60
vbv	0	тпайсыз	60
vbv	0	тпайсыздар	60
vbv	0	тпайсың	60
vbv	0	тпайсыңдар	60
vbv	0	тпайтын	60
vbv	0	тпап	60
vbv	0	тпапты	60
vbv	0	тпас	60
vbv	0	тпаса	60
vbv	0	тпасам	60
vbv	0	тпасақ	60
vbv	0	тпасаң	60
vbv	0	тпасаңдар	60
vbv	0	тпасаңыз	60
vbv	0	тпасаңыздар	60
vbv	0	тпаспыз	60
vbv	0	тпаспын	60
vbv	0	тпассыз	60
vbv	0	тпассыздар	60
vbv	0	тпассың	60
vbv	0	тпассыңдар	60
vbv	0	тпау	60
vbv	0	тпауда	60
vbv	0	тпаудан	60
vbv	0	тпауды	60
vbv	0	тпаудың	60
vbv	0	тпаулар	60
vbv	0	тпауларды	60
vbv	0	тпаулардың	60
vbv	0	тпауларға	60
vbv	0	тпаумен	60
vbv	0	тпаушы	60
vbv	0	тпауы	60
vbv	0	тпауым	60
vbv	0	тпауымыз	60
vbv	0	тпауын	60
vbv	0	тпауына	60
vbv	0	тпауынан	60
vbv	0	тпауында	60
vbv	0	тпауының	60
vbv	0	тпауың	60
vbv	0	тпауыңыз	60
vbv	0	тпауға	60
vbv	0	тпағалы	60
vbv	0	тпаған	60
vbv	0	тпағанбыз	60
vbv	0	тпағанмын	60
vbv	0	тпағансыз	60
vbv	0	тпағансыздар	60
vbv	0	тпағансың	60
vbv	0	тпағансыңдар	60
vbv	0	тса	60
vbv	0	тсам	60
vbv	0	тсақ	60
vbv	0	тсаң	60
vbv	0	тсаңдар	60
vbv	0	тсаңыз	60
vbv	0	тсаңыздар	60
vbv	0	тты	60
vbv	0	ттым	60
vbv	0	ттық	60
vbv	0	ттың	60
vbv	0	ттыңдар	60
vbv	0	ттыңыз	60
vbv	0	ттыңыздар	60
vbv	0	ту	60
vbv	0	туда	60
vbv	0	тудан	60
vbv	0	туды	60
vbv	0	тудың	60
vbv	0	тулар	60
vbv	0	туларды	60
vbv	0	тулардың	60
vbv	0	туларға	60
vbv	0	тумен	60
vbv	0	тушы	60
vbv	0	туы	60
vbv	0	туым	60
vbv	0	туымыз	60
vbv	0	туын	60
vbv	0	туына	60
vbv	0	туынан	60
vbv	0	туында	60
vbv	0	туының	60
vbv	0	туың	60
vbv	0	туыңыз	60
vbv	0	туға	60
vbv	0	тып	60
vbv	0	тыпты	60
vbv	0	тыңдар	60
vbv	0	тыңыз	60
vbv	0	тқалы	60
vbv	0	тқан	60
vbv	0	тқанбыз	60
vbv	0	тқанмын	60
vbv	0	тқансыз	60
vbv	0	тқансыздар	60
vbv	0	тқансың	60
vbv	0	тқансыңдар	60
vbv	0	ғалы	60
vbv	0	ған	60
vbv	0	ғанбыз	60
vbv	0	ғанмын	60
vbv	0	ғансыз	60
vbv	0	ғансыздар	60
vbv	0	ғансың	60
vbv	0	ғансыңдар	60
vbv	0	ңдар	60
vbv	0	ңыз	60
vbv	ы	и	60
vbv	ы	иды	60
vbv	ы	имыз	60
vbv	ы	имын	60
vbv	ы	исыз	60
vbv	ы	исыздар	60
vbv	ы	исың	60
vbv	ы	исыңдар	60
vbv	ы	итын	60
vbv	ы	иын	60
vbv	ы	иық	60
vbv	ы	у	60
vbv	ы	уда	60
vbv	ы	удан	60
vbv	ы	уды	60
vbv	ы	удың	60
vbv	ы	улар	60
vbv	ы	уларды	60
vbv	ы	улардың	60
vbv	ы	уларға	60
vbv	ы	умен	60
vbv	ы	ушы	60
vbv	ы	уы	60
vbv	ы	уым	60
vbv	ы	уымыз	60
vbv	ы	уын	60
vbv	ы	уына	60
vbv	ы	уынан	60
vbv	ы	уында	60
vbv	ы	уының	60
vbv	ы	уың	60
vbv	ы	уыңыз	60
vbv	ы	уға	60
vbz	0	а	60
vbz	0	ады	60
vbz	0	айын	60
vbz	0	айық	60
vbz	0	амыз	60
vbz	0	амын	60
vbz	0	ар	60
vbz	0	армыз	60
vbz	0	армын	60
vbz	0	арсыз	60
vbz	0	арсыздар	60
vbz	0	арсың	60
vbz	0	арсыңдар	60
vbz	0	асыз	60
vbz	0	асыздар	60
vbz	0	асың	60
vbz	0	асыңдар	60
vbz	0	атын	60
vbz	0	бады	60
vbz	0	бадым	60
vbz	0	бадық	60
vbz	0	бадың	60
vbz	0	бадыңдар	60
vbz	0	бадыңыз	60
vbz	0	бадыңыздар	60
vbz	0	бай	60
vbz	0	байды	60
vbz	0	баймыз	60
vbz	0	баймын	60
vbz	0	байсыз	60
vbz	0	байсыздар	60
vbz	0	байсың	60
vbz	0	байсыңдар	60
vbz	0	байтын	60
vbz	0	бап	60
vbz	0	бапты	60
vbz	0	бас	60
vbz	0	баса	60
vbz	0	басам	60
vbz	0	басақ	60
vbz	0	басаң	60
vbz	0	басаңдар	60
vbz	0	басаңыз	60
vbz	0	басаңыздар	60
vbz	0	баспыз	60
vbz	0	баспын	60
vbz	0	бассыз	60
vbz	0	бассыздар	60
vbz	0	бассың	60
vbz	0	бассыңдар	60
vbz	0	бау	60
vbz	0	бауда	60
vbz	0	баудан	60
vbz	0	бауды	60
vbz	0	баудың	60
vbz	0	баулар	60
vbz	0	бауларды	60
vbz	0	баулардың	60
vbz	0	бауларға	60
vbz	0	баумен	60
vbz	0	баушы	60
vbz	0	бауы	60
vbz	0	бауым	60
vbz	0	бауымыз	60
vbz	0	бауын	60
vbz	0	бауына	60
vbz	0	бауынан	60
vbz	0	бауында	60
vbz	0	бауының	60
vbz	0	бауың	60
vbz	0	бауыңыз	60
vbz	0	бауға	60
vbz	0	бағалы	60
vbz	0	баған	60
vbz	0	бағанбыз	60
vbz	0	бағанмын	60
vbz	0	бағансыз	60
vbz	0	бағансыздар	60
vbz	0	бағансың	60
vbz	0	бағансыңдар	60
vbz	0	ды	60
vbz	0	дым	60
vbz	0	дыр	60
vbz	0	дыра	60
vbz	0	дырады	60
vbz	0	дырайын	60
vbz	0	дырайық	60
vbz	0	дырамыз	60
vbz	0	дырамын	60
vbz	0	дырар	60
vbz	0	дырармыз	60
vbz	0	дырармын	60
vbz	0	дырарсыз	60
vbz	0	дырарсыздар	60
vbz	0	дырарсың	60
vbz	0	дырарсыңдар	60
vbz	0	дырасыз	60
vbz	0	дырасыздар	60
vbz	0	дырасың	60
vbz	0	дырасыңдар	60
vbz	0	дыратын	60
vbz	0	дырды	60
vbz	0	дырдым	60
vbz	0	дырдық	60
vbz	0	дырдың	60
vbz	0	дырдыңдар	60
vbz	0	дырдыңыз	60
vbz	0	дырдыңыздар	60
vbz	0	дырмады	60
vbz	0	дырмадым	60
vbz	0	дырмадық	60
vbz	0	дырмадың	60
vbz	0	дырмадыңдар	60
vbz	0	дырмадыңыз	60
vbz	0	дырмадыңыздар	60
vbz	0	дырмай	60
vbz	0	дырмайды	60
vbz	0	дырмаймыз	60
vbz	0	дырмаймын	60
vbz	0	дырмайсыз	60
vbz	0	дырмайсыздар	60
vbz	0	дырмайсың	60
vbz	0	дырмайсыңдар	60
vbz	0	дырмайтын	60
vbz	0	дырмап	60
vbz	0	дырмапты	60
vbz	0	дырмас	60
vbz	0	дырмаса	60
vbz	0	дырмасам	60
vbz	0	дырмасақ	60
vbz	0	дырмасаң	60
vbz	0	дырмасаңдар	60
vbz	0	дырмасаңыз	60
vbz	0	дырмасаңыздар	60
vbz	0	дырмаспыз	60
vbz	0	дырмаспын	60
vbz	0	дырмассыз	60
vbz	0	дырмассыздар	60
vbz	0	дырмассың	60
vbz	0	дырмассыңдар	60
vbz	0	дырмау	60
vbz	0	дырмауда	60
vbz	0	дырмаудан	60
vbz	0	дырмауды	60
vbz	0	дырмаудың	60
vbz	0	дырмаулар	60
vbz	0	дырмауларды	60
vbz	0	дырмаулардың	60
vbz	0	дырмауларға	60
vbz	0	дырмаумен	60
vbz	0	дырмаушы	60
vbz	0	дырмауы	60
vbz	0	дырмауым	60
vbz	0	дырмауымыз	60
vbz	0	дырмауын	60
vbz	0	дырмауына	60
vbz	0	дырмауынан	60
vbz	0	дырмауында	60
vbz	0	дырмауының	60
vbz	0	дырмауың	60
vbz	0	дырмауыңыз	60
vbz	0	дырмауға	60
vbz	0	дырмағалы	60
vbz	0	дырмаған	60
vbz	0	дырмағанбыз	60
vbz	0	дырмағанмын	60
vbz	0	дырмағансыз	60
vbz	0	дырмағансыздар	60
vbz	0	дырмағансың	60
vbz	0	дырмағансыңдар	60
vbz	0	дырса	60
vbz	0	дырсам	60
vbz	0	дырсақ	60
vbz	0	дырсаң	60
vbz	0	дырсаңдар	60
vbz	0	дырсаңыз	60
vbz	0	дырсаңыздар	60
vbz	0	дыру	60
vbz	0	дыруда	60
vbz	0	дырудан	60
vbz	0	дыруды	60
vbz	0	дырудың	60
vbz	0	дырулар	60
vbz	0	дыруларды	60
vbz	0	дырулардың	60
vbz	0	дыруларға	60
vbz	0	дырумен	60
vbz	0	дырушы	60
vbz	0	дыруы	60
vbz	0	дыруым	60
vbz	0	дыруымыз	60
vbz	0	дыруын	60
vbz	0	дыруына	60
vbz	0	дыруынан	60
vbz	0	дыруында	60
vbz	0	дыруының	60
vbz	0	дыруың	60
vbz	0	дыруыңыз	60
vbz	0	дыруға	60
vbz	0	дырып	60
vbz	0	дырыпты	60
vbz	0	дырыңдар	60
vbz	0	дырыңыз	60
vbz	0	дырғалы	60
vbz	0	дырған	60
vbz	0	дырғанбыз	60
vbz	0	дырғанмын	60
vbz	0	дырғансыз	60
vbz	0	дырғансыздар	60
vbz	0	дырғансың	60
vbz	0	дырғансыңдар	60
vbz	0	дық	60
vbz	0	дың	60
vbz	0	дыңдар	60
vbz	0	дыңыз	60
vbz	0	дыңыздар	60
vbz	0	мады	60
vbz	0	мадым	60
vbz	0	мадық	60
vbz	0	мадың	60
vbz	0	мадыңдар	60
vbz	0	мадыңыз	60
vbz	0	мадыңыздар	60
vbz	0	май	60
vbz	0	майды	60
vbz	0	маймыз	60
vbz	0	маймын	60
vbz	0	майсыз	60
vbz	0	майсыздар	60
vbz	0	майсың	60
vbz	0	майсыңдар	60
vbz	0	майтын	60
vbz	0	мап	60
vbz	0	мапты	60
vbz	0	мас	60
vbz	0	маса	60
vbz	0	масам	60
vbz	0	масақ	60
vbz	0	масаң	60
vbz	0	масаңдар	60
vbz	0	масаңыз	60
vbz	0	масаңыздар	60
vbz	0	маспыз	60
vbz	0	маспын	60
vbz	0	массыз	60
vbz	0	массыздар	60
vbz	0	массың	60
vbz	0	массыңдар	60
vbz	0	мау	60
vbz	0	мауда	60
vbz	0	маудан	60
vbz	0	мауды	60
vbz	0	маудың	60
vbz	0	маулар	60
vbz	0	мауларды	60
vbz	0	маулардың	60
vbz	0	мауларға	60
vbz	0	маумен	60
vbz	0	маушы	60
vbz	0	мауы	60
vbz	0	мауым	60
vbz	0	мауымыз	60
vbz	0	мауын	60
vbz	0	мауына	60
vbz	0	мауынан	60
vbz	0	мауында	60
vbz	0	мауының	60
vbz	0	мауың	60
vbz	0	мауыңыз	60
vbz	0	мауға	60
vbz	0	мағалы	60
vbz	0	маған	60
vbz	0	мағанбыз	60
vbz	0	мағанмын	60
vbz	0	мағансыз	60
vbz	0	мағансыздар	60
vbz	0	мағансың	60
vbz	0	мағансыңдар	60
vbz	0	са	60
vbz	0	сам	60
vbz	0	сақ	60
vbz	0	саң	60
vbz	0	саңдар	60
vbz	0	саңыз	60
vbz	0	саңыздар	60
vbz	0	у	60
vbz	0	уда	60
vbz	0	удан	60
vbz	0	уды	60
vbz	0	удың	60
vbz	0	улар	60
vbz	0	уларды	60
vbz	0	улардың	60
vbz	0	уларға	60
vbz	0	умен	60
vbz	0	ушы	60
vbz	0	уы	60
vbz	0	уым	60
vbz	0	уымыз	60
vbz	0	уын	60
vbz	0	уына	60
vbz	0	уынан	60
vbz	0	уында	60
vbz	0	уының	60
vbz	0	уың	60
vbz	0	уыңыз	60
vbz	0	уға	60
vbz	0	ыл	60
vbz	0	ыла	60
vbz	0	ылады	60
vbz	0	ылайын	60
vbz	0	ылайық	60
vbz	0	ыламыз	60
vbz	0	ыламын	60
vbz	0	ылар	60
vbz	0	ылармыз	60
vbz	0	ылармын	60
vbz	0	ыларсыз	60
vbz	0	ыларсыздар	60
vbz	0	ыларсың	60
vbz	0	ыларсыңдар	60
vbz	0	ыласыз	60
vbz	0	ыласыздар	60
vbz	0	ыласың	60
vbz	0	ыласыңдар	60
vbz	0	ылатын	60
vbz	0	ылды	60
vbz	0	ылдым	60
vbz	0	ылдық	60
vbz	0	ылдың	60
vbz	0	ылдыңдар	60
vbz	0	ылдыңыз	60
vbz	0	ылдыңыздар	60
vbz	0	ылмады	60
vbz	0	ылмадым	60
vbz	0	ылмадық	60
vbz	0	ылмадың	60
vbz	0	ылмадыңдар	60
vbz	0	ылмадыңыз	60
vbz	0	ылмадыңыздар	60
vbz	0	ылмай	60
vbz	0	ылмайды	60
vbz	0	ылмаймыз	60
vbz	0	ылмаймын	60
vbz	0	ылмайсыз	60
vbz	0	ылмайсыздар	60
vbz	0	ылмайсың	60
vbz	0	ылмайсыңдар	60
vbz	0	ылмайтын	60
vbz	0	ылмап	60
vbz	0	ылмапты	60
vbz	0	ылмас	60
vbz	0	ылмаса	60
vbz	0	ылмасам	60
vbz	0	ылмасақ	60
vbz	0	ылмасаң	60
vbz	0	ылмасаңдар	60
vbz	0	ылмасаңыз	60
vbz	0	ылмасаңыздар	60
vbz	0	ылмаспыз	60
vbz	0	ылмаспын	60
vbz	0	ылмассыз	60
vbz	0	ылмассыздар	60
vbz	0	ылмассың	60
vbz	0	ылмассыңдар	60
vbz	0	ылмау	60
vbz	0	ылмауда	60
vbz	0	ылмаудан	60
vbz	0	ылмауды	60
vbz	0	ылмаудың	60
vbz	0	ылмаулар	60
vbz	0	ылмауларды	60
vbz	0	ылмаулардың	60
vbz	0	ылмауларға	60
vbz	0	ылмаумен	60
vbz	0	ылмаушы	60
vbz	0	ылмауы	60
vbz	0	ылмауым	60
vbz	0	ылмауымыз	60
vbz	0	ылмауын	60
vbz	0	ылмауына	60
vbz	0	ылмауынан	60
vbz	0	ылмауында	60
vbz	0	ылмауының	60
vbz	0	ылмауың	60
vbz	0	ылмауыңыз	60
vbz	0	ылмауға	60
vbz	0	ылмағалы	60
vbz	0	ылмаған	60
vbz	0	ылмағанбыз	60
vbz	0	ылмағанмын	60
vbz	0	ылмағансыз	60
vbz	0	ылмағансыздар	60
vbz	0	ылмағансың	60
vbz	0	ылмағансыңдар	60
vbz	0	ылса	60
vbz	0	ылсам	60
vbz	0	ылсақ	60
vbz	0	ылсаң	60
vbz	0	ылсаңдар	60
vbz	0	ылсаңыз	60
vbz	0	ылсаңыздар	60
vbz	0	ылу	60
vbz	0	ылуда	60
vbz	0	ылудан	60
vbz	0	ылуды	60
vbz	0	ылудың	60
vbz	0	ылулар	60
vbz	0	ылуларды	60
vbz	0	ылулардың	60
vbz	0	ылуларға	60
vbz	0	ылумен	60
vbz	0	ылушы	60
vbz	0	ылуы	60
vbz	0	ылуым	60
vbz	0	ылуымыз	60
vbz	0	ылуын	60
vbz	0	ылуына	60
vbz	0	ылуынан	60
vbz	0	ылуында	60
vbz	0	ылуының	60
vbz	0	ылуың	60
vbz	0	ылуыңыз	60
vbz	0	ылуға	60
vbz	0	ылып	60
vbz	0	ылыпты	60
vbz	0	ылыңдар	60
vbz	0	ылыңыз	60
vbz	0	ылғалы	60
vbz	0	ылған	60
vbz	0	ылғанбыз	60
vbz	0	ылғанмын	60
vbz	0	ылғансыз	60
vbz	0	ылғансыздар	60
vbz	0	ылғансың	60
vbz	0	ылғансыңдар	60
vbz	0	ын	60
vbz	0	ына	60
vbz	0	ынады	60
vbz	0	ынайын	60
vbz	0	ынайық	60
vbz	0	ынамыз	60
vbz	0	ынамын	60
vbz	0	ынар	60
vbz	0	ынармыз	60
vbz	0	ынармын	60
vbz	0	ынарсыз	60
vbz	0	ынарсыздар	60
vbz	0	ынарсың	60
vbz	0	ынарсыңдар	60
vbz	0	ынасыз	60
vbz	0	ынасыздар	60
vbz	0	ынасың	60
vbz	0	ынасыңдар	60
vbz	0	ынатын	60
vbz	0	ынды	60
vbz	0	ындым	60
vbz	0	ындық	60
vbz	0	ындың	60
vbz	0	ындыңдар	60
vbz	0	ындыңыз	60
vbz	0	ындыңыздар	60
vbz	0	ынмады	60
vbz	0	ынмадым	60
vbz	0	ынмадық	60
vbz	0	ынмадың	60
vbz	0	ынмадыңдар	60
vbz	0	ынмадыңыз	60
vbz	0	ынмадыңыздар	60
vbz	0	ынмай	60
vbz	0	ынмайды	60
vbz	0	ынмаймыз	60
vbz	0	ынмаймын	60
vbz	0	ынмайсыз	60
vbz	0	ынмайсыздар	60
vbz	0	ынмайсың	60
vbz	0	ынмайсыңдар	60
vbz	0	ынмайтын	60
vbz	0	ынмап	60
vbz	0	ынмапты	60
vbz	0	ынмас	60
vbz	0	ынмаса	60
vbz	0	ынмасам	60
vbz	0	ынмасақ	60
vbz	0	ынмасаң	60
vbz	0	ынмасаңдар	60
vbz	0	ынмасаңыз	60
vbz	0	ынмасаңыздар	60
vbz	0	ынмаспыз	60
vbz	0	ынмаспын	60
vbz	0	ынмассыз	60
vbz	0	ынмассыздар	60
vbz	0	ынмассың	60
vbz	0	ынмассыңдар	60
vbz	0	ынмау	60
vbz	0	ынмауда	60
vbz	0	ынмаудан	60
vbz	0	ынмауды	60
vbz	0	ынмаудың	60
vbz	0	ынмаулар	60
vbz	0	ынмауларды	60
vbz	0	ынмаулардың	60
vbz	0	ынмауларға	60
vbz	0	ынмаумен	60
vbz	0	ынмаушы	60
vbz	0	ынмауы	60
vbz	0	ынмауым	60
vbz	0	ынмауымыз	60
vbz	0	ынмауын	60
vbz	0	ынмауына	60
vbz	0	ынмауынан	60
vbz	0	ынмауында	60
vbz	0	ынмауының	60
vbz	0	ынмауың	60
vbz	0	ынмауыңыз	60
vbz	0	ынмауға	60
vbz	0	ынмағалы	60
vbz	0	ынмаған	60
vbz	0	ынмағанбыз	60
vbz	0	ынмағанмын	60
vbz	0	ынмағансыз	60
vbz	0	ынмағансыздар	60
vbz	0	ынмағансың	60
vbz	0	ынмағансыңдар	60
vbz	0	ынса	60
vbz	0	ынсам	60
vbz	0	ынсақ	60
vbz	0	ынсаң	60
vbz	0	ынсаңдар	60
vbz	0	ынсаңыз	60
vbz	0	ынсаңыздар	60
vbz	0	ыну	60
vbz	0	ынуда	60
vbz	0	ынудан	60
vbz	0	ынуды	60
vbz	0	ынудың	60
vbz	0	ынулар	60
vbz	0	ынуларды	60
vbz	0	ынулардың	60
vbz	0	ынуларға	60
vbz	0	ынумен	60
vbz	0	ынушы	60
vbz	0	ынуы	60
vbz	0	ынуым	60
vbz	0	ынуымыз	60
vbz	0	ынуын	60
vbz	0	ынуына	60
vbz	0	ынуынан	60
vbz	0	ынуында	60
vbz	0	ынуының	60
vbz	0	ынуың	60
vbz	0	ынуыңыз	60
vbz	0	ынуға	60
vbz	0	ынып	60
vbz	0	ыныпты	60
vbz	0	ыныңдар	60
vbz	0	ыныңыз	60
vbz	0	ынғалы	60
vbz	0	ынған	60
vbz	0	ынғанбыз	60
vbz	0	ынғанмын	60
vbz	0	ынғансыз	60
vbz	0	ынғансыздар	60
vbz	0	ынғансың	60
vbz	0	ынғансыңдар	60
vbz	0	ып	60
vbz	0	ыпты	60
vbz	0	ыс	60
vbz	0	ыса	60
vbz	0	ысады	60
vbz	0	ысайын	60
vbz	0	ысайық	60
vbz	0	ысамыз	60
vbz	0	ысамын	60
vbz	0	ысар	60
vbz	0	ысармыз	60
vbz	0	ысармын	60
vbz	0	ысарсыз	60
vbz	0	ысарсыздар	60
vbz	0	ысарсың	60
vbz	0	ысарсыңдар	60
vbz	0	ысасыз	60
vbz	0	ысасыздар	60
vbz	0	ысасың	60
vbz	0	ысасыңдар	60
vbz	0	ысатын	60
vbz	0	ыспады	60
vbz	0	ыспадым	60
vbz	0	ыспадық	60
vbz	0	ыспадың	60
vbz	0	ыспадыңдар	60
vbz	0	ыспадыңыз	60
vbz	0	ыспадыңыздар	60
vbz	0	ыспай	60
vbz	0	ыспайды	60
vbz	0	ыспаймыз	60
vbz	0	ыспаймын	60
vbz	0	ыспайсыз	60
vbz	0	ыспайсыздар	60
vbz	0	ыспайсың	60
vbz	0	ыспайсыңдар	60
vbz	0	ыспайтын	60
vbz	0	ыспап	60
vbz	0	ыспапты	60
vbz	0	ыспас	60
vbz	0	ыспаса	60
vbz	0	ыспасам	60
vbz	0	ыспасақ	60
vbz	0	ыспасаң	60
vbz	0	ыспасаңдар	60
vbz	0	ыспасаңыз	60
vbz	0	ыспасаңыздар	60
vbz	0	ыспаспыз	60
vbz	0	ыспаспын	60
vbz	0	ыспассыз	60
vbz	0	ыспассыздар	60
vbz	0	ыспассың	60
vbz	0	ыспассыңдар	60
vbz	0	ыспау	60
vbz	0	ыспауда	60
vbz	0	ыспаудан	60
vbz	0	ыспауды	60
vbz	0	ыспаудың	60
vbz	0	ыспаулар	60
vbz	0	ыспауларды	60
vbz	0	ыспаулардың	60
vbz	0	ыспауларға	60
vbz	0	ыспаумен	60
vbz	0	ыспаушы	60
vbz	0	ыспауы	60
vbz	0	ыспауым	60
vbz	0	ыспауымыз	60
vbz	0	ыспауын	60
vbz	0	ыспауына	60
vbz	0	ыспауынан	60
vbz	0	ыспауында	60
vbz	0	ыспауының	60
vbz	0	ыспауың	60
vbz	0	ыспауыңыз	60
vbz	0	ыспауға	60
vbz	0	ыспағалы	60
vbz	0	ыспаған	60
vbz	0	ыспағанбыз	60
vbz	0	ыспағанмын	60
vbz	0	ыспағансыз	60
vbz	0	ыспағансыздар	60
vbz	0	ыспағансың	60
vbz	0	ыспағансыңдар	60
vbz	0	ысса	60
vbz	0	ыссам	60
vbz	0	ыссақ	60
vbz	0	ыссаң	60
vbz	0	ыссаңдар	60
vbz	0	ыссаңыз	60
vbz	0	ыссаңыздар	60
vbz	0	ысты	60
vbz	0	ыстым	60
vbz	0	ыстық	60
vbz	0	ыстың	60
vbz	0	ыстыңдар	60
vbz	0	ыстыңыз	60
vbz	0	ыстыңыздар	60
vbz	0	ысу	60
vbz	0	ысуда	60
vbz	0	ысудан	60
vbz	0	ысуды	60
vbz	0	ысудың	60
vbz	0	ысулар	60
vbz	0	ысуларды	60
vbz	0	ысулардың	60
vbz	0	ысуларға	60
vbz	0	ысумен	60
vbz	0	ысушы	60
vbz	0	ысуы	60
vbz	0	ысуым	60
vbz	0	ысуымыз	60
vbz	0	ысуын	60
vbz	0	ысуына	60
vbz	0	ысуынан	60
vbz	0	ысуында	60
vbz	0	ысуының	60
vbz	0	ысуың	60
vbz	0	ысуыңыз	60
vbz	0	ысуға	60
vbz	0	ысып	60
vbz	0	ысыпты	60
vbz	0	ысыңдар	60
vbz	0	ысыңыз	60
vbz	0	ысқалы	60
vbz	0	ысқан	60
vbz	0	ысқанбыз	60
vbz	0	ысқанмын	60
vbz	0	ысқансыз	60
vbz	0	ысқансыздар	60
vbz	0	ысқансың	60
vbz	0	ысқансыңдар	60
vbz	0	ыңдар	60
vbz	0	ыңыз	60
vbz	0	ғалы	60
vbz	0	ған	60
vbz	0	ғанбыз	60
vbz	0	ғанмын	60
vbz	0	ғансыз	60
vbz	0	ғансыздар	60
vbz	0	ғансың	60
vbz	0	ғансыңдар	60
vfr	0	гелі	60
vfr	0	ген	60
vfr	0	генбіз	60
vfr	0	генмін	60
vfr	0	генсіз	60
vfr	0	генсіздер	60
vfr	0	генсің	60
vfr	0	генсіңдер	60
vfr	0	гіз	60
vfr	0	гізбегелі	60
vfr	0	гізбеген	60
vfr	0	гізбегенбіз	60
vfr	0	гізбегенмін	60
vfr	0	гізбегенсіз	60
vfr	0	гізбегенсіздер	60
vfr	0	гізбегенсің	60
vfr	0	гізбегенсіңдер	60
vfr	0	гізбеді	60
vfr	0	гізбедік	60
vfr	0	гізбедім	60
vfr	0	гізбедің	60
vfr	0	гізбедіңдер	60
vfr	0	гізбедіңіз	60
vfr	0	гізбедіңіздер	60
vfr	0	гізбей	60
vfr	0	гізбейді	60
vfr	0	гізбейміз	60
vfr	0	гізбеймін	60
vfr	0	гізбейсіз	60
vfr	0	гізбейсіздер	60
vfr	0	гізбейсің	60
vfr	0	гізбейсіңдер	60
vfr	0	гізбейтін	60
vfr	0	гізбеп	60
vfr	0	гізбепті	60
vfr	0	гізбес	60
vfr	0	гізбесе	60
vfr	0	гізбесек	60
vfr	0	гізбесем	60
vfr	0	гізбесең	60
vfr	0	гізбесеңдер	60
vfr	0	гізбесеңіз	60
vfr	0	гізбесеңіздер	60
vfr	0	гізбеспіз	60
vfr	0	гізбеспін	60
vfr	0	гізбессіз	60
vfr	0	гізбессіздер	60
vfr	0	гізбессің	60
vfr	0	гізбессіңдер	60
vfr	0	гізбеу	60
vfr	0	гізбеуге	60
vfr	0	гізбеуде	60
vfr	0	гізбеуден	60
vfr	0	гізбеуді	60
vfr	0	гізбеудің	60
vfr	0	гізбеулер	60
vfr	0	гізбеулерге	60
vfr	0	гізбеулерді	60
vfr	0	гізбеулердің	60
vfr	0	гізбеумен	60
vfr	0	гізбеуші	60
vfr	0	гізбеуі	60
vfr	0	гізбеуім	60
vfr	0	гізбеуіміз	60
vfr	0	гізбеуін	60
vfr	0	гізбеуінде	60
vfr	0	гізбеуіне	60
vfr	0	гізбеуінен	60
vfr	0	гізбеуінің	60
vfr	0	гізбеуің	60
vfr	0	гізбеуіңіз	60
vfr	0	гізгелі	60
vfr	0	гізген	60
vfr	0	гізгенбіз	60
vfr	0	гізгенмін	60
vfr	0	гізгенсіз	60
vfr	0	гізгенсіздер	60
vfr	0	гізгенсің	60
vfr	0	гізгенсіңдер	60
vfr	0	гізді	60
vfr	0	гіздік	60
vfr	0	гіздім	60
vfr	0	гіздің	60
vfr	0	гіздіңдер	60
vfr	0	гіздіңіз	60
vfr	0	гіздіңіздер	60
vfr	0	гізе	60
vfr	0	гізеді	60
vfr	0	гізейік	60
vfr	0	гізейін	60
vfr	0	гіземіз	60
vfr	0	гіземін	60
vfr	0	гізер	60
vfr	0	гізерміз	60
vfr	0	гізермін	60
vfr	0	гізерсіз	60
vfr	0	гізерсіздер	60
vfr	0	гізерсің	60
vfr	0	гізерсіңдер	60
vfr	0	гізесіз	60
vfr	0	гізесіздер	60
vfr	0	гізесің	60
vfr	0	гізесіңдер	60
vfr	0	гізетін	60
vfr	0	гізсе	60
vfr	0	гізсек	60
vfr	0	гізсем	60
vfr	0	гізсең	60
vfr	0	гізсеңдер	60
vfr	0	гізсеңіз	60
vfr	0	гізсеңіздер	60
vfr	0	гізу	60
vfr	0	гізуге	60
vfr	0	гізуде	60
vfr	0	гізуден	60
vfr	0	гізуді	60
vfr	0	гізудің	60
vfr	0	гізулер	60
vfr	0	гізулерге	60
vfr	0	гізулерді	60
vfr	0	гізулердің	60
vfr	0	гізумен	60
vfr	0	гізуші	60
vfr	0	гізуі	60
vfr	0	гізуім	60
vfr	0	гізуіміз	60
vfr	0	гізуін	60
vfr	0	гізуінде	60
vfr	0	гізуіне	60
vfr	0	гізуінен	60
vfr	0	гізуінің	60
vfr	0	гізуің	60
vfr	0	гізуіңіз	60
vfr	0	гізіп	60
vfr	0	гізіпті	60
vfr	0	гізіңдер	60
vfr	0	гізіңіз	60
vfr	0	ді	60
vfr	0	дік	60
vfr	0	дім	60
vfr	0	дің	60
vfr	0	діңдер	60
vfr	0	діңіз	60
vfr	0	діңіздер	60
vfr	0	е	60
vfr	0	еді	60
vfr	0	ейік	60
vfr	0	ейін	60
vfr	0	еміз	60
vfr	0	емін	60
vfr	0	ер	60
vfr	0	ерміз	60
vfr	0	ермін	60
vfr	0	ерсіз	60
vfr	0	ерсіздер	60
vfr	0	ерсің	60
vfr	0	ерсіңдер	60
vfr	0	есіз	60
vfr	0	есіздер	60
vfr	0	есің	60
vfr	0	есіңдер	60
vfr	0	етін	60
vfr	0	мегелі	60
vfr	0	меген	60
vfr	0	мегенбіз	60
vfr	0	мегенмін	60
vfr	0	мегенсіз	60
vfr	0	мегенсіздер	60
vfr	0	мегенсің	60
vfr	0	мегенсіңдер	60
vfr	0	меді	60
vfr	0	медік	60
vfr	0	медім	60
vfr	0	медің	60
vfr	0	медіңдер	60
vfr	0	медіңіз	60
vfr	0	медіңіздер	60
vfr	0	мей	60
vfr	0	мейді	60
vfr	0	мейміз	60
vfr	0	меймін	60
vfr	0	мейсіз	60
vfr	0	мейсіздер	60
vfr	0	мейсің	60
vfr	0	мейсіңдер	60
vfr	0	мейтін	60
vfr	0	меп	60
vfr	0	мепті	60
vfr	0	мес	60
vfr	0	месе	60
vfr	0	месек	60
vfr	0	месем	60
vfr	0	месең	60
vfr	0	месеңдер	60
vfr	0	месеңіз	60
vfr	0	месеңіздер	60
vfr	0	меспіз	60
vfr	0	меспін	60
vfr	0	мессіз	60
vfr	0	мессіздер	60
vfr	0	мессің	60
vfr	0	мессіңдер	60
vfr	0	меу	60
vfr	0	меуге	60
vfr	0	меуде	60
vfr	0	меуден	60
vfr	0	меуді	60
vfr	0	меудің	60
vfr	0	меулер	60
vfr	0	меулерге	60
vfr	0	меулерді	60
vfr	0	меулердің	60
vfr	0	меумен	60
vfr	0	меуші	60
vfr	0	меуі	60
vfr	0	меуім	60
vfr	0	меуіміз	60
vfr	0	меуін	60
vfr	0	меуінде	60
vfr	0	меуіне	60
vfr	0	меуінен	60
vfr	0	меуінің	60
vfr	0	меуің	60
vfr	0	меуіңіз	60
vfr	0	се	60
vfr	0	сек	60
vfr	0	сем	60
vfr	0	сең	60
vfr	0	сеңдер	60
vfr	0	сеңіз	60
vfr	0	сеңіздер	60
vfr	0	у	60
vfr	0	уге	60
vfr	0	уде	60
vfr	0	уден	60
vfr	0	уді	60
vfr	0	удің	60
vfr	0	улер	60
vfr	0	улерге	60
vfr	0	улерді	60
vfr	0	улердің	60
vfr	0	умен	60
vfr	0	уші	60
vfr	0	уі	60
vfr	0	уім	60
vfr	0	уіміз	60
vfr	0	уін	60
vfr	0	уінде	60
vfr	0	уіне	60
vfr	0	уінен	60
vfr	0	уінің	60
vfr	0	уің	60
vfr	0	уіңіз	60
vfr	0	іл	60
vfr	0	ілгелі	60
vfr	0	ілген	60
vfr	0	ілгенбіз	60
vfr	0	ілгенмін	60
vfr	0	ілгенсіз	60
vfr	0	ілгенсіздер	60
vfr	0	ілгенсің	60
vfr	0	ілгенсіңдер	60
vfr	0	ілді	60
vfr	0	ілдік	60
vfr	0	ілдім	60
vfr	0	ілдің	60
vfr	0	ілдіңдер	60
vfr	0	ілдіңіз	60
vfr	0	ілдіңіздер	60
vfr	0	іле	60
vfr	0	іледі	60
vfr	0	ілейік	60
vfr	0	ілейін	60
vfr	0	ілеміз	60
vfr	0	ілемін	60
vfr	0	ілер	60
vfr	0	ілерміз	60
vfr	0	ілермін	60
vfr	0	ілерсіз	60
vfr	0	ілерсіздер	60
vfr	0	ілерсің	60
vfr	0	ілерсіңдер	60
vfr	0	ілесіз	60
vfr	0	ілесіздер	60
vfr	0	ілесің	60
vfr	0	ілесіңдер	60
vfr	0	ілетін	60
vfr	0	ілмегелі	60
vfr	0	ілмеген	60
vfr	0	ілмегенбіз	60
vfr	0	ілмегенмін	60
vfr	0	ілмегенсіз	60
vfr	0	ілмегенсіздер	60
vfr	0	ілмегенсің	60
vfr	0	ілмегенсіңдер	60
vfr	0	ілмеді	60
vfr	0	ілмедік	60
vfr	0	ілмедім	60
vfr	0	ілмедің	60
vfr	0	ілмедіңдер	60
vfr	0	ілмедіңіз	60
vfr	0	ілмедіңіздер	60
vfr	0	ілмей	60
vfr	0	ілмейді	60
vfr	0	ілмейміз	60
vfr	0	ілмеймін	60
vfr	0	ілмейсіз	60
vfr	0	ілмейсіздер	60
vfr	0	ілмейсің	60
vfr	0	ілмейсіңдер	60
vfr	0	ілмейтін	60
vfr	0	ілмеп	60
vfr	0	ілмепті	60
vfr	0	ілмес	60
vfr	0	ілмесе	60
vfr	0	ілмесек	60
vfr	0	ілмесем	60
vfr	0	ілмесең	60
vfr	0	ілмесеңдер	60
vfr	0	ілмесеңіз	60
vfr	0	ілмесеңіздер	60
vfr	0	ілмеспіз	60
vfr	0	ілмеспін	60
vfr	0	ілмессіз	60
vfr	0	ілмессіздер	60
vfr	0	ілмессің	60
vfr	0	ілмессіңдер	60
vfr	0	ілмеу	60
vfr	0	ілмеуге	60
vfr	0	ілмеуде	60
vfr	0	ілмеуден	60
vfr	0	ілмеуді	60
vfr	0	ілмеудің	60
vfr	0	ілмеулер	60
vfr	0	ілмеулерге	60
vfr	0	ілмеулерді	60
vfr	0	ілмеулердің	60
vfr	0	ілмеумен	60
vfr	0	ілмеуші	60
vfr	0	ілмеуі	60
vfr	0	ілмеуім	60
vfr	0	ілмеуіміз	60
vfr	0	ілмеуін	60
vfr	0	ілмеуінде	60
vfr	0	ілмеуіне	60
vfr	0	ілмеуінен	60
vfr	0	ілмеуінің	60
vfr	0	ілмеуің	60
vfr	0	ілмеуіңіз	60
vfr	0	ілсе	60
vfr	0	ілсек	60
vfr	0	ілсем	60
vfr	0	ілсең	60
vfr	0	ілсеңдер	60
vfr	0	ілсеңіз	60
vfr	0	ілсеңіздер	60
vfr	0	ілу	60
vfr	0	ілуге	60
vfr	0	ілуде	60
vfr	0	ілуден	60
vfr	0	ілуді	60
vfr	0	ілудің	60
vfr	0	ілулер	60
vfr	0	ілулерге	60
vfr	0	ілулерді	60
vfr	0	ілулердің	60
vfr	0	ілумен	60
vfr	0	ілуші	60
vfr	0	ілуі	60
vfr	0	ілуім	60
vfr	0	ілуіміз	60
vfr	0	ілуін	60
vfr	0	ілуінде	60
vfr	0	ілуіне	60
vfr	0	ілуінен	60
vfr	0	ілуінің	60
vfr	0	ілуің	60
vfr	0	ілуіңіз	60
vfr	0	іліп	60
vfr	0	іліпті	60
vfr	0	іліңдер	60
vfr	0	іліңіз	60
vfr	0	ін	60
vfr	0	інгелі	60
vfr	0	інген	60
vfr	0	інгенбіз	60
vfr	0	інгенмін	60
vfr	0	інгенсіз	60
vfr	0	інгенсіздер	60
vfr	0	інгенсің	60
vfr	0	інгенсіңдер	60
vfr	0	інді	60
vfr	0	індік	60
vfr	0	індім	60
vfr	0	індің	60
vfr	0	індіңдер	60
vfr	0	індіңіз	60
vfr	0	індіңіздер	60
vfr	0	іне	60
vfr	0	інеді	60
vfr	0	інейік	60
vfr	0	інейін	60
vfr	0	інеміз	60
vfr	0	інемін	60
vfr	0	інер	60
vfr	0	інерміз	60
vfr	0	інермін	60
vfr	0	інерсіз	60
vfr	0	інерсіздер	60
vfr	0	інерсің	60
vfr	0	інерсіңдер	60
vfr	0	інесіз	60
vfr	0	інесіздер	60
vfr	0	інесің	60
vfr	0	інесіңдер	60
vfr	0	інетін	60
vfr	0	інмегелі	60
vfr	0	інмеген	60
vfr	0	інмегенбіз	60
vfr	0	інмегенмін	60
vfr	0	інмегенсіз	60
vfr	0	інмегенсіздер	60
vfr	0	інмегенсің	60
vfr	0	інмегенсіңдер	60
vfr	0	інмеді	60
vfr	0	інмедік	60
vfr	0	інмедім	60
vfr	0	інмедің	60
vfr	0	інмедіңдер	60
vfr	0	інмедіңіз	60
vfr	0	інмедіңіздер	60
vfr	0	інмей	60
vfr	0	інмейді	60
vfr	0	інмейміз	60
vfr	0	інмеймін	60
vfr	0	інмейсіз	60
vfr	0	інмейсіздер	60
vfr	0	інмейсің	60
vfr	0	інмейсіңдер	60
vfr	0	інмейтін	60
vfr	0	інмеп	60
vfr	0	інмепті	60
vfr	0	інмес	60
vfr	0	інмесе	60
vfr	0	інмесек	60
vfr	0	інмесем	60
vfr	0	інмесең	60
vfr	0	інмесеңдер	60
vfr	0	інмесеңіз	60
vfr	0	інмесеңіздер	60
vfr	0	інмеспіз	60
vfr	0	інмеспін	60
vfr	0	інмессіз	60
vfr	0	інмессіздер	60
vfr	0	інмессің	60
vfr	0	інмессіңдер	60
vfr	0	інмеу	60
vfr	0	інмеуге	60
vfr	0	інмеуде	60
vfr	0	інмеуден	60
vfr	0	інмеуді	60
vfr	0	інмеудің	60
vfr	0	інмеулер	60
vfr	0	інмеулерге	60
vfr	0	інмеулерді	60
vfr	0	інмеулердің	60
vfr	0	інмеумен	60
vfr	0	інмеуші	60
vfr	0	інмеуі	60
vfr	0	інмеуім	60
vfr	0	інмеуіміз	60
vfr	0	інмеуін	60
vfr	0	інмеуінде	60
vfr	0	інмеуіне	60
vfr	0	інмеуінен	60
vfr	0	інмеуінің	60
vfr	0	інмеуің	60
vfr	0	інмеуіңіз	60
vfr	0	інсе	60
vfr	0	інсек	60
vfr	0	інсем	60
vfr	0	інсең	60
vfr	0	інсеңдер	60
vfr	0	інсеңіз	60
vfr	0	інсеңіздер	60
vfr	0	іну	60
vfr	0	інуге	60
vfr	0	інуде	60
vfr	0	інуден	60
vfr	0	інуді	60
vfr	0	інудің	60
vfr	0	інулер	60
vfr	0	інулерге	60
vfr	0	інулерді	60
vfr	0	інулердің	60
vfr	0	інумен	60
vfr	0	інуші	60
vfr	0	інуі	60
vfr	0	інуім	60
vfr	0	інуіміз	60
vfr	0	інуін	60
vfr	0	інуінде	60
vfr	0	інуіне	60
vfr	0	інуінен	60
vfr	0	інуінің	60
vfr	0	інуің	60
vfr	0	інуіңіз	60
vfr	0	ініп	60
vfr	0	ініпті	60
vfr	0	ініңдер	60
vfr	0	ініңіз	60
vfr	0	іп	60
vfr	0	іпті	60
vfr	0	іс	60
vfr	0	ісе	60
vfr	0	іседі	60
vfr	0	ісейік	60
vfr	0	ісейін	60
vfr	0	ісеміз	60
vfr	0	ісемін	60
vfr	0	ісер	60
vfr	0	ісерміз	60
vfr	0	ісермін	60
vfr	0	ісерсіз	60
vfr	0	ісерсіздер	60
vfr	0	ісерсің	60
vfr	0	ісерсіңдер	60
vfr	0	ісесіз	60
vfr	0	ісесіздер	60
vfr	0	ісесің	60
vfr	0	ісесіңдер	60
vfr	0	ісетін	60
vfr	0	іскелі	60
vfr	0	іскен	60
vfr	0	іскенбіз	60
vfr	0	іскенмін	60
vfr	0	іскенсіз	60
vfr	0	іскенсіздер	60
vfr	0	іскенсің	60
vfr	0	іскенсіңдер	60
vfr	0	іспегелі	60
vfr	0	іспеген	60
vfr	0	іспегенбіз	60
vfr	0	іспегенмін	60
vfr	0	іспегенсіз	60
vfr	0	іспегенсіздер	60
vfr	0	іспегенсің	60
vfr	0	іспегенсіңдер	60
vfr	0	іспеді	60
vfr	0	іспедік	60
vfr	0	іспедім	60
vfr	0	іспедің	60
vfr	0	іспедіңдер	60
vfr	0	іспедіңіз	60
vfr	0	іспедіңіздер	60
vfr	0	іспей	60
vfr	0	іспейді	60
vfr	0	іспейміз	60
vfr	0	іспеймін	60
vfr	0	іспейсіз	60
vfr	0	іспейсіздер	60
vfr	0	іспейсің	60
vfr	0	іспейсіңдер	60
vfr	0	іспейтін	60
vfr	0	іспеп	60
vfr	0	іспепті	60
vfr	0	іспес	60
vfr	0	іспесе	60
vfr	0	іспесек	60
vfr	0	іспесем	60
vfr	0	іспесең	60
vfr	0	іспесеңдер	60
vfr	0	іспесеңіз	60
vfr	0	іспесеңіздер	60
vfr	0	іспеспіз	60
vfr	0	іспеспін	60
vfr	0	іспессіз	60
vfr	0	іспессіздер	60
vfr	0	іспессің	60
vfr	0	іспессіңдер	60
vfr	0	іспеу	60
vfr	0	іспеуге	60
vfr	0	іспеуде	60
vfr	0	іспеуден	60
vfr	0	іспеуді	60
vfr	0	іспеудің	60
vfr	0	іспеулер	60
vfr	0	іспеулерге	60
vfr	0	іспеулерді	60
vfr	0	іспеулердің	60
vfr	0	іспеумен	60
vfr	0	іспеуші	60
vfr	0	іспеуі	60
vfr	0	іспеуім	60
vfr	0	іспеуіміз	60
vfr	0	іспеуін	60
vfr	0	іспеуінде	60
vfr	0	іспеуіне	60
vfr	0	іспеуінен	60
vfr	0	іспеуінің	60
vfr	0	іспеуің	60
vfr	0	іспеуіңіз	60
vfr	0	іссе	60
vfr	0	іссек	60
vfr	0	іссем	60
vfr	0	іссең	60
vfr	0	іссеңдер	60
vfr	0	іссеңіз	60
vfr	0	іссеңіздер	60
vfr	0	істі	60
vfr	0	істік	60
vfr	0	істім	60
vfr	0	істің	60
vfr	0	істіңдер	60
vfr	0	істіңіз	60
vfr	0	істіңіздер	60
vfr	0	ісу	60
vfr	0	ісуге	60
vfr	0	ісуде	60
vfr	0	ісуден	60
vfr	0	ісуді	60
vfr	0	ісудің	60
vfr	0	ісулер	60
vfr	0	ісулерге	60
vfr	0	ісулерді	60
vfr	0	ісулердің	60
vfr	0	ісумен	60
vfr	0	ісуші	60
vfr	0	ісуі	60
vfr	0	ісуім	60
vfr	0	ісуіміз	60
vfr	0	ісуін	60
vfr	0	ісуінде	60
vfr	0	ісуіне	60
vfr	0	ісуінен	60
vfr	0	ісуінің	60
vfr	0	ісуің	60
vfr	0	ісуіңіз	60
vfr	0	ісіп	60
vfr	0	ісіпті	60
vfr	0	ісіңдер	60
vfr	0	ісіңіз	60
vfr	0	іңдер	60
vfr	0	іңіз	60
vft	0	е	60
vft	0	еді	60
vft	0	ейік	60
vft	0	ейін	60
vft	0	еміз	60
vft	0	емін	60
vft	0	ер	60
vft	0	ерміз	60
vft	0	ермін	60
vft	0	ерсіз	60
vft	0	ерсіздер	60
vft	0	ерсің	60
vft	0	ерсіңдер	60
vft	0	есіз	60
vft	0	есіздер	60
vft	0	есің	60
vft	0	есіңдер	60
vft	0	етін	60
vft	0	келі	60
vft	0	кен	60
vft	0	кенбіз	60
vft	0	кенмін	60
vft	0	кенсіз	60
vft	0	кенсіздер	60
vft	0	кенсің	60
vft	0	кенсіңдер	60
vft	0	пегелі	60
vft	0	пеген	60
vft	0	пегенбіз	60
vft	0	пегенмін	60
vft	0	пегенсіз	60
vft	0	пегенсіздер	60
vft	0	пегенсің	60
vft	0	пегенсіңдер	60
vft	0	педі	60
vft	0	педік	60
vft	0	педім	60
vft	0	педің	60
vft	0	педіңдер	60
vft	0	педіңіз	60
vft	0	педіңіздер	60
vft	0	пей	60
vft	0	пейді	60
vft	0	пейміз	60
vft	0	пеймін	60
vft	0	пейсіз	60
vft	0	пейсіздер	60
vft	0	пейсің	60
vft	0	пейсіңдер	60
vft	0	пейтін	60
vft	0	пеп	60
vft	0	пепті	60
vft	0	пес	60
vft	0	песе	60
vft	0	песек	60
vft	0	песем	60
vft	0	песең	60
vft	0	песеңдер	60
vft	0	песеңіз	60
vft	0	песеңіздер	60
vft	0	песпіз	60
vft	0	песпін	60
vft	0	пессіз	60
vft	0	пессіздер	60
vft	0	пессің	60
vft	0	пессіңдер	60
vft	0	пеу	60
vft	0	пеуге	60
vft	0	пеуде	60
vft	0	пеуден	60
vft	0	пеуді	60
vft	0	пеудің	60
vft	0	пеулер	60
vft	0	пеулерге	60
vft	0	пеулерді	60
vft	0	пеулердің	60
vft	0	пеумен	60
vft	0	пеуші	60
vft	0	пеуі	60
vft	0	пеуім	60
vft	0	пеуіміз	60
vft	0	пеуін	60
vft	0	пеуінде	60
vft	0	пеуіне	60
vft	0	пеуінен	60
vft	0	пеуінің	60
vft	0	пеуің	60
vft	0	пеуіңіз	60
vft	0	се	60
vft	0	сек	60
vft	0	сем	60
vft	0	сең	60
vft	0	сеңдер	60
vft	0	сеңіз	60
vft	0	сеңіздер	60
vft	0	ті	60
vft	0	тік	60
vft	0	тім	60
vft	0	тің	60
vft	0	тіңдер	60
vft	0	тіңіз	60
vft	0	тіңіздер	60
vft	0	у	60
vft	0	уге	60
vft	0	уде	60
vft	0	уден	60
vft	0	уді	60
vft	0	удің	60
vft	0	улер	60
vft	0	улерге	60
vft	0	улерді	60
vft	0	улердің	60
vft	0	умен	60
vft	0	уші	60
vft	0	уі	60
vft	0	уім	60
vft	0	уіміз	60
vft	0	уін	60
vft	0	уінде	60
vft	0	уіне	60
vft	0	уінен	60
vft	0	уінің	60
vft	0	уің	60
vft	0	уіңіз	60
vft	0	іл	60
vft	0	ілгелі	60
vft	0	ілген	60
vft	0	ілгенбіз	60
vft	0	ілгенмін	60
vft	0	ілгенсіз	60
vft	0	ілгенсіздер	60
vft	0	ілгенсің	60
vft	0	ілгенсіңдер	60
vft	0	ілді	60
vft	0	ілдік	60
vft	0	ілдім	60
vft	0	ілдің	60
vft	0	ілдіңдер	60
vft	0	ілдіңіз	60
vft	0	ілдіңіздер	60
vft	0	іле	60
vft	0	іледі	60
vft	0	ілейік	60
vft	0	ілейін	60
vft	0	ілеміз	60
vft	0	ілемін	60
vft	0	ілер	60
vft	0	ілерміз	60
vft	0	ілермін	60
vft	0	ілерсіз	60
vft	0	ілерсіздер	60
vft	0	ілерсің	60
vft	0	ілерсіңдер	60
vft	0	ілесіз	60
vft	0	ілесіздер	60
vft	0	ілесің	60
vft	0	ілесіңдер	60
vft	0	ілетін	60
vft	0	ілмегелі	60
vft	0	ілмеген	60
vft	0	ілмегенбіз	60
vft	0	ілмегенмін	60
vft	0	ілмегенсіз	60
vft	0	ілмегенсіздер	60
vft	0	ілмегенсің	60
vft	0	ілмегенсіңдер	60
vft	0	ілмеді	60
vft	0	ілмедік	60
vft	0	ілмедім	60
vft	0	ілмедің	60
vft	0	ілмедіңдер	60
vft	0	ілмедіңіз	60
vft	0	ілмедіңіздер	60
vft	0	ілмей	60
vft	0	ілмейді	60
vft	0	ілмейміз	60
vft	0	ілмеймін	60
vft	0	ілмейсіз	60
vft	0	ілмейсіздер	60
vft	0	ілмейсің	60
vft	0	ілмейсіңдер	60
vft	0	ілмейтін	60
vft	0	ілмеп	60
vft	0	ілмепті	60
vft	0	ілмес	60
vft	0	ілмесе	60
vft	0	ілмесек	60
vft	0	ілмесем	60
vft	0	ілмесең	60
vft	0	ілмесеңдер	60
vft	0	ілмесеңіз	60
vft	0	ілмесеңіздер	60
vft	0	ілмеспіз	60
vft	0	ілмеспін	60
vft	0	ілмессіз	60
vft	0	ілмессіздер	60
vft	0	ілмессің	60
vft	0	ілмессіңдер	60
vft	0	ілмеу	60
vft	0	ілмеуге	60
vft	0	ілмеуде	60
vft	0	ілмеуден	60
vft	0	ілмеуді	60
vft	0	ілмеудің	60
vft	0	ілмеулер	60
vft	0	ілмеулерге	60
vft	0	ілмеулерді	60
vft	0	ілмеулердің	60
vft	0	ілмеумен	60
vft	0	ілмеуші	60
vft	0	ілмеуі	60
vft	0	ілмеуім	60
vft	0	ілмеуіміз	60
vft	0	ілмеуін	60
vft	0	ілмеуінде	60
vft	0	ілмеуіне	60
vft	0	ілмеуінен	60
vft	0	ілмеуінің	60
vft	0	ілмеуің	60
vft	0	ілмеуіңіз	60
vft	0	ілсе	60
vft	0	ілсек	60
vft	0	ілсем	60
vft	0	ілсең	60
vft	0	ілсеңдер	60
vft	0	ілсеңіз	60
vft	0	ілсеңіздер	60
vft	0	ілу	60
vft	0	ілуге	60
vft	0	ілуде	60
vft	0	ілуден	60
vft	0	ілуді	60
vft	0	ілудің	60
vft	0	ілулер	60
vft	0	ілулерге	60
vft	0	ілулерді	60
vft	0	ілулердің	60
vft	0	ілумен	60
vft	0	ілуші	60
vft	0	ілуі	60
vft	0	ілуім	60
vft	0	ілуіміз	60
vft	0	ілуін	60
vft	0	ілуінде	60
vft	0	ілуіне	60
vft	0	ілуінен	60
vft	0	ілуінің	60
vft	0	ілуің	60
vft	0	ілуіңіз	60
vft	0	іліп	60
vft	0	іліпті	60
vft	0	іліңдер	60
vft	0	іліңіз	60
vft	0	іп	60
vft	0	іпті	60
vft	0	іс	60
vft	0	ісе	60
vft	0	іседі	60
vft	0	ісейік	60
vft	0	ісейін	60
vft	0	ісеміз	60
vft	0	ісемін	60
vft	0	ісер	60
vft	0	ісерміз	60
vft	0	ісермін	60
vft	0	ісерсіз	60
vft	0	ісерсіздер	60
vft	0	ісерсің	60
vft	0	ісерсіңдер	60
vft	0	ісесіз	60
vft	0	ісесіздер	60
vft	0	ісесің	60
vft	0	ісесіңдер	60
vft	0	ісетін	60
vft	0	іскелі	60
vft	0	іскен	60
vft	0	іскенбіз	60
vft	0	іскенмін	60
vft	0	іскенсіз	60
vft	0	іскенсіздер	60
vft	0	іскенсің	60
vft	0	іскенсіңдер	60
vft	0	іспегелі	60
vft	0	іспеген	60
vft	0	іспегенбіз	60
vft	0	іспегенмін	60
vft	0	іспегенсіз	60
vft	0	іспегенсіздер	60
vft	0	іспегенсің	60
vft	0	іспегенсіңдер	60
vft	0	іспеді	60
vft	0	іспедік	60
vft	0	іспедім	60
vft	0	іспедің	60
vft	0	іспедіңдер	60
vft	0	іспедіңіз	60
vft	0	іспедіңіздер	60
vft	0	іспей	60
vft	0	іспейді	60
vft	0	іспейміз	60
vft	0	іспеймін	60
vft	0	іспейсіз	60
vft	0	іспейсіздер	60
vft	0	іспейсің	60
vft	0	іспейсіңдер	60
vft	0	іспейтін	60
vft	0	іспеп	60
vft	0	іспепті	60
vft	0	іспес	60
vft	0	іспесе	60
vft	0	іспесек	60
vft	0	іспесем	60
vft	0	іспесең	60
vft	0	іспесеңдер	60
vft	0	іспесеңіз	60
vft	0	іспесеңіздер	60
vft	0	іспеспіз	60
vft	0	іспеспін	60
vft	0	іспессіз	60
vft	0	іспессіздер	60
vft	0	іспессің	60
vft	0	іспессіңдер	60
vft	0	іспеу	60
vft	0	іспеуге	60
vft	0	іспеуде	60
vft	0	іспеуден	60
vft	0	іспеуді	60
vft	0	іспеудің	60
vft	0	іспеулер	60
vft	0	іспеулерге	60
vft	0	іспеулерді	60
vft	0	іспеулердің	60
vft	0	іспеумен	60
vft	0	іспеуші	60
vft	0	іспеуі	60
vft	0	іспеуім	60
vft	0	іспеуіміз	60
vft	0	іспеуін	60
vft	0	іспеуінде	60
vft	0	іспеуіне	60
vft	0	іспеуінен	60
vft	0	іспеуінің	60
vft	0	іспеуің	60
vft	0	іспеуіңіз	60
vft	0	іссе	60
vft	0	іссек	60
vft	0	іссем	60
vft	0	іссең	60
vft	0	іссеңдер	60
vft	0	іссеңіз	60
vft	0	іссеңіздер	60
vft	0	істі	60
vft	0	істік	60
vft	0	істім	60
vft	0	істің	60
vft	0	істіңдер	60
vft	0	істіңіз	60
vft	0	істіңіздер	60
vft	0	ісу	60
vft	0	ісуге	60
vft	0	ісуде	60
vft	0	ісуден	60
vft	0	ісуді	60
vft	0	ісудің	60
vft	0	ісулер	60
vft	0	ісулерге	60
vft	0	ісулерді	60
vft	0	ісулердің	60
vft	0	ісумен	60
vft	0	ісуші	60
vft	0	ісуі	60
vft	0	ісуім	60
vft	0	ісуіміз	60
vft	0	ісуін	60
vft	0	ісуінде	60
vft	0	ісуіне	60
vft	0	ісуінен	60
vft	0	ісуінің	60
vft	0	ісуің	60
vft	0	ісуіңіз	60
vft	0	ісіп	60
vft	0	ісіпті	60
vft	0	ісіңдер	60
vft	0	ісіңіз	60
vft	0	іңдер	60
vft	0	іңіз	60
vfv	0	гелі	60
vfv	0	ген	60
vfv	0	генбіз	60
vfv	0	генмін	60
vfv	0	генсіз	60
vfv	0	генсіздер	60
vfv	0	генсің	60
vfv	0	генсіңдер	60
vfv	0	ді	60
vfv	0	дік	60
vfv	0	дім	60
vfv	0	дің	60
vfv	0	діңдер	60
vfv	0	діңіз	60
vfv	0	діңіздер	60
vfv	0	й	60
vfv	0	йді	60
vfv	0	йміз	60
vfv	0	ймін	60
vfv	0	йсіз	60
vfv	0	йсіздер	60
vfv	0	йсің	60
vfv	0	йсіңдер	60
vfv	0	йтін	60
vfv	0	йік	60
vfv	0	йін	60
vfv	0	мегелі	60
vfv	0	меген	60
vfv	0	мегенбіз	60
vfv	0	мегенмін	60
vfv	0	мегенсіз	60
vfv	0	мегенсіздер	60
vfv	0	мегенсің	60
vfv	0	мегенсіңдер	60
vfv	0	меді	60
vfv	0	медік	60
vfv	0	медім	60
vfv	0	медің	60
vfv	0	медіңдер	60
vfv	0	медіңіз	60
vfv	0	медіңіздер	60
vfv	0	мей	60
vfv	0	мейді	60
vfv	0	мейміз	60
vfv	0	меймін	60
vfv	0	мейсіз	60
vfv	0	мейсіздер	60
vfv	0	мейсің	60
vfv	0	мейсіңдер	60
vfv	0	мейтін	60
vfv	0	меп	60
vfv	0	мепті	60
vfv	0	мес	60
vfv	0	месе	60
vfv	0	месек	60
vfv	0	месем	60
vfv	0	месең	60
vfv	0	месеңдер	60
vfv	0	месеңіз	60
vfv	0	месеңіздер	60
vfv	0	меспіз	60
vfv	0	меспін	60
vfv	0	мессіз	60
vfv	0	мессіздер	60
vfv	0	мессің	60
vfv	0	мессіңдер	60
vfv	0	меу	60
vfv	0	меуге	60
vfv	0	меуде	60
vfv	0	меуден	60
vfv	0	меуді	60
vfv	0	меудің	60
vfv	0	меулер	60
vfv	0	меулерге	60
vfv	0	меулерді	60
vfv	0	меулердің	60
vfv	0	меумен	60
vfv	0	меуші	60
vfv	0	меуі	60
vfv	0	меуім	60
vfv	0	меуіміз	60
vfv	0	меуін	60
vfv	0	меуінде	60
vfv	0	меуіне	60
vfv	0	меуінен	60
vfv	0	меуінің	60
vfv	0	меуің	60
vfv	0	меуіңіз	60
vfv	0	н	60
vfv	0	нгелі	60
vfv	0	нген	60
vfv	0	нгенбіз	60
vfv	0	нгенмін	60
vfv	0	нгенсіз	60
vfv	0	нгенсіздер	60
vfv	0	нгенсің	60
vfv	0	нгенсіңдер	60
vfv	0	нді	60
vfv	0	ндік	60
vfv	0	ндім	60
vfv	0	ндің	60
vfv	0	ндіңдер	60
vfv	0	ндіңіз	60
vfv	0	ндіңіздер	60
vfv	0	не	60
vfv	0	неді	60
vfv	0	нейік	60
vfv	0	нейін	60
vfv	0	неміз	60
vfv	0	немін	60
vfv	0	нер	60
vfv	0	нерміз	60
vfv	0	нермін	60
vfv	0	нерсіз	60
vfv	0	нерсіздер	60
vfv	0	нерсің	60
vfv	0	нерсіңдер	60
vfv	0	несіз	60
vfv	0	несіздер	60
vfv	0	несің	60
vfv	0	несіңдер	60
vfv	0	нетін	60
vfv	0	нмегелі	60
vfv	0	нмеген	60
vfv	0	нмегенбіз	60
vfv	0	нмегенмін	60
vfv	0	нмегенсіз	60
vfv	0	нмегенсіздер	60
vfv	0	нмегенсің	60
vfv	0	нмегенсіңдер	60
vfv	0	нмеді	60
vfv	0	нмедік	60
vfv	0	нмедім	60
vfv	0	нмедің	60
vfv	0	нмедіңдер	60
vfv	0	нмедіңіз	60
vfv	0	нмедіңіздер	60
vfv	0	нмей	60
vfv	0	нмейді	60
vfv	0	нмейміз	60
vfv	0	нмеймін	60
vfv	0	нмейсіз	60
vfv	0	нмейсіздер	60
vfv	0	нмейсің	60
vfv	0	нмейсіңдер	60
vfv	0	нмейтін	60
vfv	0	нмеп	60
vfv	0	нмепті	60
vfv	0	нмес	60
vfv	0	нмесе	60
vfv	0	нмесек	60
vfv	0	нмесем	60
vfv	0	нмесең	60
vfv	0	нмесеңдер	60
vfv	0	нмесеңіз	60
vfv	0	нмесеңіздер	60
vfv	0	нмеспіз	60
vfv	0	нмеспін	60
vfv	0	нмессіз	60
vfv	0	нмессіздер	60
vfv	0	нмессің	60
vfv	0	нмессіңдер	60
vfv	0	нмеу	60
vfv	0	нмеуге	60
vfv	0	нмеуде	60
vfv	0	нмеуден	60
vfv	0	нмеуді	60
vfv	0	нмеудің	60
vfv	0	нмеулер	60
vfv	0	нмеулерге	60
vfv	0	нмеулерді	60
vfv	0	нмеулердің	60
vfv	0	нмеумен	60
vfv	0	нмеуші	60
vfv	0	нмеуі	60
vfv	0	нмеуім	60
vfv	0	нмеуіміз	60
vfv	0	нмеуін	60
vfv	0	нмеуінде	60
vfv	0	нмеуіне	60
vfv	0	нмеуінен	60
vfv	0	нмеуінің	60
vfv	0	нмеуің	60
vfv	0	нмеуіңіз	60
vfv	0	нсе	60
vfv	0	нсек	60
vfv	0	нсем	60
vfv	0	нсең	60
vfv	0	нсеңдер	60
vfv	0	нсеңіз	60
vfv	0	нсеңіздер	60
vfv	0	ну	60
vfv	0	нуге	60
vfv	0	нуде	60
vfv	0	нуден	60
vfv	0	нуді	60
vfv	0	нудің	60
vfv	0	нулер	60
vfv	0	нулерге	60
vfv	0	нулерді	60
vfv	0	нулердің	60
vfv	0	нумен	60
vfv	0	нуші	60
vfv	0	нуі	60
vfv	0	нуім	60
vfv	0	нуіміз	60
vfv	0	нуін	60
vfv	0	нуінде	60
vfv	0	нуіне	60
vfv	0	нуінен	60
vfv	0	нуінің	60
vfv	0	нуің	60
vfv	0	нуіңіз	60
vfv	0	ніп	60
vfv	0	ніпті	60
vfv	0	ніңдер	60
vfv	0	ніңіз	60
vfv	0	п	60
vfv	0	пті	60
vfv	0	р	60
vfv	0	рміз	60
vfv	0	рмін	60
vfv	0	рсіз	60
vfv	0	рсіздер	60
vfv	0	рсің	60
vfv	0	рсіңдер	60
vfv	0	с	60
vfv	0	се	60
vfv	0	седі	60
vfv	0	сейік	60
vfv	0	сейін	60
vfv	0	сек	60
vfv	0	сем	60
vfv	0	семіз	60
vfv	0	семін	60
vfv	0	сер	60
vfv	0	серміз	60
vfv	0	сермін	60
vfv	0	серсіз	60
vfv	0	серсіздер	60
vfv	0	серсің	60
vfv	0	серсіңдер	60
vfv	0	сесіз	60
vfv	0	сесіздер	60
vfv	0	сесің	60
vfv	0	сесіңдер	60
vfv	0	сетін	60
vfv	0	сең	60
vfv	0	сеңдер	60
vfv	0	сеңіз	60
vfv	0	сеңіздер	60
vfv	0	скелі	60
vfv	0	скен	60
vfv	0	скенбіз	60
vfv	0	скенмін	60
vfv	0	скенсіз	60
vfv	0	скенсіздер	60
vfv	0	скенсің	60
vfv	0	скенсіңдер	60
vfv	0	спегелі	60
vfv	0	спеген	60
vfv	0	спегенбіз	60
vfv	0	спегенмін	60
vfv	0	спегенсіз	60
vfv	0	спегенсіздер	60
vfv	0	спегенсің	60
vfv	0	спегенсіңдер	60
vfv	0	спеді	60
vfv	0	спедік	60
vfv	0	спедім	60
vfv	0	спедің	60
vfv	0	спедіңдер	60
vfv	0	спедіңіз	60
vfv	0	спедіңіздер	60
vfv	0	спей	60
vfv	0	спейді	60
vfv	0	спейміз	60
vfv	0	спеймін	60
vfv	0	спейсіз	60
vfv	0	спейсіздер	60
vfv	0	спейсің	60
vfv	0	спейсіңдер	60
vfv	0	спейтін	60
vfv	0	спеп	60
vfv	0	спепті	60
vfv	0	спес	60
vfv	0	спесе	60
vfv	0	спесек	60
vfv	0	спесем	60
vfv	0	спесең	60
vfv	0	спесеңдер	60
vfv	0	спесеңіз	60
vfv	0	спесеңіздер	60
vfv	0	спеспіз	60
vfv	0	спеспін	60
vfv	0	спессіз	60
vfv	0	спессіздер	60
vfv	0	спессің	60
vfv	0	спессіңдер	60
vfv	0	спеу	60
vfv	0	спеуге	60
vfv	0	спеуде	60
vfv	0	спеуден	60
vfv	0	спеуді	60
vfv	0	спеудің	60
vfv	0	спеулер	60
vfv	0	спеулерге	60
vfv	0	спеулерді	60
vfv	0	спеулердің	60
vfv	0	спеумен	60
vfv	0	спеуші	60
vfv	0	спеуі	60
vfv	0	спеуім	60
vfv	0	спеуіміз	60
vfv	0	спеуін	60
vfv	0	спеуінде	60
vfv	0	спеуіне	60
vfv	0	спеуінен	60
vfv	0	спеуінің	60
vfv	0	спеуің	60
vfv	0	спеуіңіз	60
vfv	0	ссе	60
vfv	0	ссек	60
vfv	0	ссем	60
vfv	0	ссең	60
vfv	0	ссеңдер	60
vfv	0	ссеңіз	60
vfv	0	ссеңіздер	60
vfv	0	сті	60
vfv	0	стік	60
vfv	0	стім	60
vfv	0	стің	60
vfv	0	стіңдер	60
vfv	0	стіңіз	60
vfv	0	стіңіздер	60
vfv	0	су	60
vfv	0	суге	60
vfv	0	суде	60
vfv	0	суден	60
vfv	0	суді	60
vfv	0	судің	60
vfv	0	сулер	60
vfv	0	сулерге	60
vfv	0	сулерді	60
vfv	0	сулердің	60
vfv	0	сумен	60
vfv	0	суші	60
vfv	0	суі	60
vfv	0	суім	60
vfv	0	суіміз	60
vfv	0	суін	60
vfv	0	суінде	60
vfv	0	суіне	60
vfv	0	суінен	60
vfv	0	суінің	60
vfv	0	суің	60
vfv	0	суіңіз	60
vfv	0	сіп	60
vfv	0	сіпті	60
vfv	0	сіңдер	60
vfv	0	сіңіз	60
vfv	0	т	60
vfv	0	те	60
vfv	0	теді	60
vfv	0	тейік	60
vfv	0	тейін	60
vfv	0	теміз	60
vfv	0	темін	60
vfv	0	тер	60
vfv	0	терміз	60
vfv	0	термін	60
vfv	0	терсіз	60
vfv	0	терсіздер	60
vfv	0	терсің	60
vfv	0	терсіңдер	60
vfv	0	тесіз	60
vfv	0	тесіздер	60
vfv	0	тесің	60
vfv	0	тесіңдер	60
vfv	0	тетін	60
vfv	0	ткелі	60
vfv	0	ткен	60
vfv	0	ткенбіз	60
vfv	0	ткенмін	60
vfv	0	ткенсіз	60
vfv	0	ткенсіздер	60
vfv	0	ткенсің	60
vfv	0	ткенсіңдер	60
vfv	0	тпегелі	60
vfv	0	тпеген	60
vfv	0	тпегенбіз	60
vfv	0	тпегенмін	60
vfv	0	тпегенсіз	60
vfv	0	тпегенсіздер	60
vfv	0	тпегенсің	60
vfv	0	тпегенсіңдер	60
vfv	0	тпеді	60
vfv	0	тпедік	60
vfv	0	тпедім	60
vfv	0	тпедің	60
vfv	0	тпедіңдер	60
vfv	0	тпедіңіз	60
vfv	0	тпедіңіздер	60
vfv	0	тпей	60
vfv	0	тпейді	60
vfv	0	тпейміз	60
vfv	0	тпеймін	60
vfv	0	тпейсіз	60
vfv	0	тпейсіздер	60
vfv	0	тпейсің	60
vfv	0	тпейсіңдер	60
vfv	0	тпейтін	60
vfv	0	тпеп	60
vfv	0	тпепті	60
vfv	0	тпес	60
vfv	0	тпесе	60
vfv	0	тпесек	60
vfv	0	тпесем	60
vfv	0	тпесең	60
vfv	0	тпесеңдер	60
vfv	0	тпесеңіз	60
vfv	0	тпесеңіздер	60
vfv	0	тпеспіз	60
vfv	0	тпеспін	60
vfv	0	тпессіз	60
vfv	0	тпессіздер	60
vfv	0	тпессің	60
vfv	0	тпессіңдер	60
vfv	0	тпеу	60
vfv	0	тпеуге	60
vfv	0	тпеуде	60
vfv	0	тпеуден	60
vfv	0	тпеуді	60
vfv	0	тпеудің	60
vfv	0	тпеулер	60
vfv	0	тпеулерге	60
vfv	0	тпеулерді	60
vfv	0	тпеулердің	60
vfv	0	тпеумен	60
vfv	0	тпеуші	60
vfv	0	тпеуі	60
vfv	0	тпеуім	60
vfv	0	тпеуіміз	60
vfv	0	тпеуін	60
vfv	0	тпеуінде	60
vfv	0	тпеуіне	60
vfv	0	тпеуінен	60
vfv	0	тпеуінің	60
vfv	0	тпеуің	60
vfv	0	тпеуіңіз	60
vfv	0	тсе	60
vfv	0	тсек	60
vfv	0	тсем	60
vfv	0	тсең	60
vfv	0	тсеңдер	60
vfv	0	тсеңіз	60
vfv	0	тсеңіздер	60
vfv	0	тті	60
vfv	0	ттік	60
vfv	0	ттім	60
vfv	0	ттің	60
vfv	0	ттіңдер	60
vfv	0	ттіңіз	60
vfv	0	ттіңіздер	60
vfv	0	ту	60
vfv	0	туге	60
vfv	0	туде	60
vfv	0	туден	60
vfv	0	туді	60
vfv	0	тудің	60
vfv	0	тулер	60
vfv	0	тулерге	60
vfv	0	тулерді	60
vfv	0	тулердің	60
vfv	0	тумен	60
vfv	0	туші	60
vfv	0	туі	60
vfv	0	туім	60
vfv	0	туіміз	60
vfv	0	туін	60
vfv	0	туінде	60
vfv	0	туіне	60
vfv	0	туінен	60
vfv	0	туінің	60
vfv	0	туің	60
vfv	0	туіңіз	60
vfv	0	тіп	60
vfv	0	тіпті	60
vfv	0	тіңдер	60
vfv	0	тіңіз	60
vfv	0	у	60
vfv	0	уге	60
vfv	0	уде	60
vfv	0	уден	60
vfv	0	уді	60
vfv	0	удің	60
vfv	0	улер	60
vfv	0	улерге	60
vfv	0	улерді	60
vfv	0	улердің	60
vfv	0	умен	60
vfv	0	уші	60
vfv	0	уі	60
vfv	0	уім	60
vfv	0	уіміз	60
vfv	0	уін	60
vfv	0	уінде	60
vfv	0	уіне	60
vfv	0	уінен	60
vfv	0	уінің	60
vfv	0	уің	60
vfv	0	уіңіз	60
vfv	0	ңдер	60
vfv	0	ңіз	60
vfz	0	гелі	60
vfz	0	ген	60
vfz	0	генбіз	60
vfz	0	генмін	60
vfz	0	генсіз	60
vfz	0	генсіздер	60
vfz	0	генсің	60
vfz	0	генсіңдер	60
vfz	0	ді	60
vfz	0	дік	60
vfz	0	дім	60
vfz	0	дің	60
vfz	0	діңдер	60
vfz	0	діңіз	60
vfz	0	діңіздер	60
vfz	0	е	60
vfz	0	еді	60
vfz	0	ейік	60
vfz	0	ейін	60
vfz	0	еміз	60
vfz	0	емін	60
vfz	0	ер	60
vfz	0	ерміз	60
vfz	0	ермін	60
vfz	0	ерсіз	60
vfz	0	ерсіздер	60
vfz	0	ерсің	60
vfz	0	ерсіңдер	60
vfz	0	есіз	60
vfz	0	есіздер	60
vfz	0	есің	60
vfz	0	есіңдер	60
vfz	0	етін	60
vfz	0	мегелі	60
vfz	0	меген	60
vfz	0	мегенбіз	60
vfz	0	мегенмін	60
vfz	0	мегенсіз	60
vfz	0	мегенсіздер	60
vfz	0	мегенсің	60
vfz	0	мегенсіңдер	60
vfz	0	меді	60
vfz	0	медік	60
vfz	0	медім	60
vfz	0	медің	60
vfz	0	медіңдер	60
vfz	0	медіңіз	60
vfz	0	медіңіздер	60
vfz	0	мей	60
vfz	0	мейді	60
vfz	0	мейміз	60
vfz	0	меймін	60
vfz	0	мейсіз	60
vfz	0	мейсіздер	60
vfz	0	мейсің	60
vfz	0	мейсіңдер	60
vfz	0	мейтін	60
vfz	0	меп	60
vfz	0	мепті	60
vfz	0	мес	60
vfz	0	месе	60
vfz	0	месек	60
vfz	0	месем	60
vfz	0	месең	60
vfz	0	месеңдер	60
vfz	0	месеңіз	60
vfz	0	месеңіздер	60
vfz	0	меспіз	60
vfz	0	меспін	60
vfz	0	мессіз	60
vfz	0	мессіздер	60
vfz	0	мессің	60
vfz	0	мессіңдер	60
vfz	0	меу	60
vfz	0	меуге	60
vfz	0	меуде	60
vfz	0	меуден	60
vfz	0	меуді	60
vfz	0	меудің	60
vfz	0	меулер	60
vfz	0	меулерге	60
vfz	0	меулерді	60
vfz	0	меулердің	60
vfz	0	меумен	60
vfz	0	меуші	60
vfz	0	меуі	60
vfz	0	меуім	60
vfz	0	меуіміз	60
vfz	0	меуін	60
vfz	0	меуінде	60
vfz	0	меуіне	60
vfz	0	меуінен	60
vfz	0	меуінің	60
vfz	0	меуің	60
vfz	0	меуіңіз	60
vfz	0	се	60
vfz	0	сек	60
vfz	0	сем	60
vfz	0	сең	60
vfz	0	сеңдер	60
vfz	0	сеңіз	60
vfz	0	сеңіздер	60
vfz	0	у	60
vfz	0	уге	60
vfz	0	уде	60
vfz	0	уден	60
vfz	0	уді	60
vfz	0	удің	60
vfz	0	улер	60
vfz	0	улерге	60
vfz	0	улерді	60
vfz	0	улердің	60
vfz	0	умен	60
vfz	0	уші	60
vfz	0	уі	60
vfz	0	уім	60
vfz	0	уіміз	60
vfz	0	уін	60
vfz	0	уінде	60
vfz	0	уіне	60
vfz	0	уінен	60
vfz	0	уінің	60
vfz	0	уің	60
vfz	0	уіңіз	60
vfz	0	ін	60
vfz	0	інгелі	60
vfz	0	інген	60
vfz	0	інгенбіз	60
vfz	0	інгенмін	60
vfz	0	інгенсіз	60
vfz	0	інгенсіздер	60
vfz	0	інгенсің	60
vfz	0	інгенсіңдер	60
vfz	0	інді	60
vfz	0	індік	60
vfz	0	індім	60
vfz	0	індің	60
vfz	0	індіңдер	60
vfz	0	індіңіз	60
vfz	0	індіңіздер	60
vfz	0	іне	60
vfz	0	інеді	60
vfz	0	інейік	60
vfz	0	інейін	60
vfz	0	інеміз	60
vfz	0	інемін	60
vfz	0	інер	60
vfz	0	інерміз	60
vfz	0	інермін	60
vfz	0	інерсіз	60
vfz	0	інерсіздер	60
vfz	0	інерсің	60
vfz	0	інерсіңдер	60
vfz	0	інесіз	60
vfz	0	інесіздер	60
vfz	0	інесің	60
vfz	0	інесіңдер	60
vfz	0	інетін	60
vfz	0	інмегелі	60
vfz	0	інмеген	60
vfz	0	інмегенбіз	60
vfz	0	інмегенмін	60
vfz	0	інмегенсіз	60
vfz	0	інмегенсіздер	60
vfz	0	інмегенсің	60
vfz	0	інмегенсіңдер	60
vfz	0	інмеді	60
vfz	0	інмедік	60
vfz	0	інмедім	60
vfz	0	інмедің	60
vfz	0	інмедіңдер	60
vfz	0	інмедіңіз	60
vfz	0	інмедіңіздер	60
vfz	0	інмей	60
vfz	0	інмейді	60
vfz	0	інмейміз	60
vfz	0	інмеймін	60
vfz	0	інмейсіз	60
vfz	0	інмейсіздер	60
vfz	0	інмейсің	60
vfz	0	інмейсіңдер	60
vfz	0	інмейтін	60
vfz	0	інмеп	60
vfz	0	інмепті	60
vfz	0	інмес	60
vfz	0	інмесе	60
vfz	0	інмесек	60
vfz	0	інмесем	60
vfz	0	інмесең	60
vfz	0	інмесеңдер	60
vfz	0	інмесеңіз	60
vfz	0	інмесеңіздер	60
vfz	0	інмеспіз	60
vfz	0	інмеспін	60
vfz	0	інмессіз	60
vfz	0	інмессіздер	60
vfz	0	інмессің	60
vfz	0	інмессіңдер	60
vfz	0	інмеу	60
vfz	0	інмеуге	60
vfz	0	інмеуде	60
vfz	0	інмеуден	60
vfz	0	інмеуді	60
vfz	0	інмеудің	60
vfz	0	інмеулер	60
vfz	0	інмеулерге	60
vfz	0	інмеулерді	60
vfz	0	інмеулердің	60
vfz	0	інмеумен	60
vfz	0	інмеуші	60
vfz	0	інмеуі	60
vfz	0	інмеуім	60
vfz	0	інмеуіміз	60
vfz	0	інмеуін	60
vfz	0	інмеуінде	60
vfz	0	інмеуіне	60
vfz	0	інмеуінен	60
vfz	0	інмеуінің	60
vfz	0	інмеуің	60
vfz	0	інмеуіңіз	60
vfz	0	інсе	60
vfz	0	інсек	60
vfz	0	інсем	60
vfz	0	інсең	60
vfz	0	інсеңдер	60
vfz	0	інсеңіз	60
vfz	0	інсеңіздер	60
vfz	0	іну	60
vfz	0	інуге	60
vfz	0	інуде	60
vfz	0	інуден	60
vfz	0	інуді	60
vfz	0	інудің	60
vfz	0	інулер	60
vfz	0	інулерге	60
vfz	0	інулерді	60
vfz	0	інулердің	60
vfz	0	інумен	60
vfz	0	інуші	60
vfz	0	інуі	60
vfz	0	інуім	60
vfz	0	інуіміз	60
vfz	0	інуін	60
vfz	0	інуінде	60
vfz	0	інуіне	60
vfz	0	інуінен	60
vfz	0	інуінің	60
vfz	0	інуің	60
vfz	0	інуіңіз	60
vfz	0	ініп	60
vfz	0	ініпті	60
vfz	0	ініңдер	60
vfz	0	ініңіз	60
vfz	0	іп	60
vfz	0	іпті	60
vfz	0	іс	60
vfz	0	ісе	60
vfz	0	іседі	60
vfz	0	ісейік	60
vfz	0	ісейін	60
vfz	0	ісеміз	60
vfz	0	ісемін	60
vfz	0	ісер	60
vfz	0	ісерміз	60
vfz	0	ісермін	60
vfz	0	ісерсіз	60
vfz	0	ісерсіздер	60
vfz	0	ісерсің	60
vfz	0	ісерсіңдер	60
vfz	0	ісесіз	60
vfz	0	ісесіздер	60
vfz	0	ісесің	60
vfz	0	ісесіңдер	60
vfz	0	ісетін	60
vfz	0	іскелі	60
vfz	0	іскен	60
vfz	0	іскенбіз	60
vfz	0	іскенмін	60
vfz	0	іскенсіз	60
vfz	0	іскенсіздер	60
vfz	0	іскенсің	60
vfz	0	іскенсіңдер	60
vfz	0	іспегелі	60
vfz	0	іспеген	60
vfz	0	іспегенбіз	60
vfz	0	іспегенмін	60
vfz	0	іспегенсіз	60
vfz	0	іспегенсіздер	60
vfz	0	іспегенсің	60
vfz	0	іспегенсіңдер	60
vfz	0	іспеді	60
vfz	0	іспедік	60
vfz	0	іспедім	60
vfz	0	іспедің	60
vfz	0	іспедіңдер	60
vfz	0	іспедіңіз	60
vfz	0	іспедіңіздер	60
vfz	0	іспей	60
vfz	0	іспейді	60
vfz	0	іспейміз	60
vfz	0	іспеймін	60
vfz	0	іспейсіз	60
vfz	0	іспейсіздер	60
vfz	0	іспейсің	60
vfz	0	іспейсіңдер	60
vfz	0	іспейтін	60
vfz	0	іспеп	60
vfz	0	іспепті	60
vfz	0	іспес	60
vfz	0	іспесе	60
vfz	0	іспесек	60
vfz	0	іспесем	60
vfz	0	іспесең	60
vfz	0	іспесеңдер	60
vfz	0	іспесеңіз	60
vfz	0	іспесеңіздер	60
vfz	0	іспеспіз	60
vfz	0	іспеспін	60
vfz	0	іспессіз	60
vfz	0	іспессіздер	60
vfz	0	іспессің	60
vfz	0	іспессіңдер	60
vfz	0	іспеу	60
vfz	0	іспеуге	60
vfz	0	іспеуде	60
vfz	0	іспеуден	60
vfz	0	іспеуді	60
vfz	0	іспеудің	60
vfz	0	іспеулер	60
vfz	0	іспеулерге	60
vfz	0	іспеулерді	60
vfz	0	іспеулердің	60
vfz	0	іспеумен	60
vfz	0	іспеуші	60
vfz	0	іспеуі	60
vfz	0	іспеуім	60
vfz	0	іспеуіміз	60
vfz	0	іспеуін	60
vfz	0	іспеуінде	60
vfz	0	іспеуіне	60
vfz	0	іспеуінен	60
vfz	0	іспеуінің	60
vfz	0	іспеуің	60
vfz	0	іспеуіңіз	60
vfz	0	іссе	60
vfz	0	іссек	60
vfz	0	іссем	60
vfz	0	іссең	60
vfz	0	іссеңдер	60
vfz	0	іссеңіз	60
vfz	0	іссеңіздер	60
vfz	0	істі	60
vfz	0	істік	60
vfz	0	істім	60
vfz	0	істің	60
vfz	0	істіңдер	60
vfz	0	істіңіз	60
vfz	0	істіңіздер	60
vfz	0	ісу	60
vfz	0	ісуге	60
vfz	0	ісуде	60
vfz	0	ісуден	60
vfz	0	ісуді	60
vfz	0	ісудің	60
vfz	0	ісулер	60
vfz	0	ісулерге	60
vfz	0	ісулерді	60
vfz	0	ісулердің	60
vfz	0	ісумен	60
vfz	0	ісуші	60
vfz	0	ісуі	60
vfz	0	ісуім	60
vfz	0	ісуіміз	60
vfz	0	ісуін	60
vfz	0	ісуінде	60
vfz	0	ісуіне	60
vfz	0	ісуінен	60
vfz	0	ісуінің	60
vfz	0	ісуің	60
vfz	0	ісуіңіз	60
vfz	0	ісіп	60
vfz	0	ісіпті	60
vfz	0	ісіңдер	60
vfz	0	ісіңіз	60
vfz	0	іңдер	60
vfz	0	іңіз	60
vbn	0	уда	60
vbn	0	удан	60
vbn	0	уды	60
vbn	0	удың	60
vbn	0	улар	60
vbn	0	уларды	60
vbn	0	улардың	60
vbn	0	уларға	60
vbn	0	умен	60
vbn	0	уы	60
vbn	0	уым	60
vbn	0	уымыз	60
vbn	0	уын	60
vbn	0	уына	60
vbn	0	уынан	60
vbn	0	уында	60
vbn	0	уының	60
vbn	0	уың	60
vbn	0	уыңыз	60
vbn	0	уға	60
vbr	0	уда	60
vbr	0	удан	60
vbr	0	уды	60
vbr	0	удың	60
vbr	0	улар	60
vbr	0	уларды	60
vbr	0	улардың	60
vbr	0	уларға	60
vbr	0	умен	60
vbr	0	уы	60
vbr	0	уым	60
vbr	0	уымыз	60
vbr	0	уын	60
vbr	0	уына	60
vbr	0	уынан	60
vbr	0	уында	60
vbr	0	уының	60
vbr	0	уың	60
vbr	0	уыңыз	60
vbr	0	уға	60
vbt	0	уда	60
vbt	0	удан	60
vbt	0	уды	60
vbt	0	удың	60
vbt	0	улар	60
vbt	0	уларды	60
vbt	0	улардың	60
vbt	0	уларға	60
vbt	0	умен	60
vbt	0	уы	60
vbt	0	уым	60
vbt	0	уымыз	60
vbt	0	уын	60
vbt	0	уына	60
vbt	0	уынан	60
vbt	0	уында	60
vbt	0	уының	60
vbt	0	уың	60
vbt	0	уыңыз	60
vbt	0	уға	60
vbv	0	уда	60
vbv	0	удан	60
vbv	0	уды	60
vbv	0	удың	60
vbv	0	улар	60
vbv	0	уларды	60
vbv	0	улардың	60
vbv	0	уларға	60
vbv	0	умен	60
vbv	0	уы	60
vbv	0	уым	60
vbv	0	уымыз	60
vbv	0	уын	60
vbv	0	уына	60
vbv	0	уынан	60
vbv	0	уында	60
vbv	0	уының	60
vbv	0	уың	60
vbv	0	уыңыз	60
vbv	0	уға	60
vbz	0	уда	60
vbz	0	удан	60
vbz	0	уды	60
vbz	0	удың	60
vbz	0	улар	60
vbz	0	уларды	60
vbz	0	улардың	60
vbz	0	уларға	60
vbz	0	умен	60
vbz	0	уы	60
vbz	0	уым	60
vbz	0	уымыз	60
vbz	0	уын	60
vbz	0	уына	60
vbz	0	уынан	60
vbz	0	уында	60
vbz	0	уының	60
vbz	0	уың	60
vbz	0	уыңыз	60
vbz	0	уға	60
vfn	0	уге	60
vfn	0	уде	60
vfn	0	уден	60
vfn	0	уді	60
vfn	0	удің	60
vfn	0	улер	60
vfn	0	улерге	60
vfn	0	улерді	60
vfn	0	улердің	60
vfn	0	умен	60
vfn	0	уі	60
vfn	0	уім	60
vfn	0	уіміз	60
vfn	0	уін	60
vfn	0	уінде	60
vfn	0	уіне	60
vfn	0	уінен	60
vfn	0	уінің	60
vfn	0	уің	60
vfn	0	уіңіз	60
vfr	0	уге	60
vfr	0	уде	60
vfr	0	уден	60
vfr	0	уді	60
vfr	0	удің	60
vfr	0	улер	60
vfr	0	улерге	60
vfr	0	улерді	60
vfr	0	улердің	60
vfr	0	умен	60
vfr	0	уі	60
vfr	0	уім	60
vfr	0	уіміз	60
vfr	0	уін	60
vfr	0	уінде	60
vfr	0	уіне	60
vfr	0	уінен	60
vfr	0	уінің	60
vfr	0	уің	60
vfr	0	уіңіз	60
vft	0	уге	60
vft	0	уде	60
vft	0	уден	60
vft	0	уді	60
vft	0	удің	60
vft	0	улер	60
vft	0	улерге	60
vft	0	улерді	60
vft	0	улердің	60
vft	0	умен	60
vft	0	уі	60
vft	0	уім	60
vft	0	уіміз	60
vft	0	уін	60
vft	0	уінде	60
vft	0	уіне	60
vft	0	уінен	60
vft	0	уінің	60
vft	0	уің	60
vft	0	уіңіз	60
vfv	0	уге	60
vfv	0	уде	60
vfv	0	уден	60
vfv	0	уді	60
vfv	0	удің	60
vfv	0	улер	60
vfv	0	улерге	60
vfv	0	улерді	60
vfv	0	улердің	60
vfv	0	умен	60
vfv	0	уі	60
vfv	0	уім	60
vfv	0	уіміз	60
vfv	0	уін	60
vfv	0	уінде	60
vfv	0	уіне	60
vfv	0	уінен	60
vfv	0	уінің	60
vfv	0	уің	60
vfv	0	уіңіз	60
vfz	0	уге	60
vfz	0	уде	60
vfz	0	уден	60
vfz	0	уді	60
vfz	0	удің	60
vfz	0	улер	60
vfz	0	улерге	60
vfz	0	улерді	60
vfz	0	улердің	60
vfz	0	умен	60
vfz	0	уі	60
vfz	0	уім	60
vfz	0	уіміз	60
vfz	0	уін	60
vfz	0	уінде	60
vfz	0	уіне	60
vfz	0	уінен	60
vfz	0	уінің	60
vfz	0	уің	60
vfz	0	уіңіз	60
